Suite/Test/Step Name,Browser,Description,Start time,End time,Duration,Status
Apollo - dark build,Edge 18,,2019-07-10 17:40:14,2019-07-10 18:20:51,40m - 36.138s,FAILED
,,,,,,
Test Cases/COLLECTION PAGE/colour variants,Edge 18,,2019-07-10 17:40:15,2019-07-10 17:41:10,54.859s,PASSED
"callTestCase(findTestCase(""CALL - URL""), [:], STOP_ON_FAILURE)",Edge 18,,2019-07-10 17:40:15,2019-07-10 17:40:42,26.809s,PASSED
delay(2),Edge 18,,2019-07-10 17:40:42,2019-07-10 17:40:44,2.016s,PASSED
"click(findTestObject(""APOLLO- Desktop/Burger Menu/Burgermenu""))",Edge 18,,2019-07-10 17:40:44,2019-07-10 17:40:44,0.577s,PASSED
delay(2),Edge 18,,2019-07-10 17:40:44,2019-07-10 17:40:46,2.002s,PASSED
"click(findTestObject(""APOLLO- Desktop/Burger Menu/Mens chevron""))",Edge 18,,2019-07-10 17:40:46,2019-07-10 17:40:47,0.875s,PASSED
delay(2),Edge 18,,2019-07-10 17:40:47,2019-07-10 17:40:49,2.003s,PASSED
"click(findTestObject(""APOLLO- Desktop/Burger Menu/Mens - Top Chevron""))",Edge 18,,2019-07-10 17:40:49,2019-07-10 17:40:50,0.524s,PASSED
delay(2),Edge 18,,2019-07-10 17:40:50,2019-07-10 17:40:52,2.005s,PASSED
"click(findTestObject(""APOLLO- Desktop/Burger Menu/Shirts link""))",Edge 18,,2019-07-10 17:40:52,2019-07-10 17:40:52,0.505s,PASSED
"executeJavaScript(""var previewBar = document.getElementById(""preview-bar-iframe""); previewBar.style.display = ""none"";"", [])",Edge 18,,2019-07-10 17:40:52,2019-07-10 17:40:52,0.001s,NOT_RUN
delay(2),Edge 18,,2019-07-10 17:40:52,2019-07-10 17:40:54,2.011s,PASSED
"executeJavaScript(""var previewBar = document.getElementById(""preview-bar-iframe""); previewBar.style.display = ""none"";"", [])",Edge 18,,2019-07-10 17:40:54,2019-07-10 17:40:54,0.002s,NOT_RUN
delay(2),Edge 18,,2019-07-10 17:40:54,2019-07-10 17:40:56,2.002s,PASSED
"scrollToElement(findTestObject(""APOLLO- Desktop/Collection page/Blue shirt product""), 0)",Edge 18,,2019-07-10 17:40:56,2019-07-10 17:40:57,0.506s,PASSED
delay(2),Edge 18,,2019-07-10 17:40:57,2019-07-10 17:40:59,2.002s,PASSED
"click(findTestObject(""APOLLO- Desktop/Collection page/color variants/red variant""))",Edge 18,,2019-07-10 17:40:59,2019-07-10 17:40:59,0.577s,PASSED
delay(2),Edge 18,,2019-07-10 17:40:59,2019-07-10 17:41:01,2.002s,PASSED
"click(findTestObject(""APOLLO- Desktop/Collection page/color variants/Purple variant""))",Edge 18,,2019-07-10 17:41:01,2019-07-10 17:41:02,0.539s,PASSED
delay(2),Edge 18,,2019-07-10 17:41:02,2019-07-10 17:41:04,2.012s,PASSED
"click(findTestObject(""APOLLO- Desktop/Collection page/color variants/green variant""))",Edge 18,,2019-07-10 17:41:04,2019-07-10 17:41:05,0.566s,PASSED
delay(2),Edge 18,,2019-07-10 17:41:05,2019-07-10 17:41:07,2.006s,PASSED
"click(findTestObject(""APOLLO- Desktop/Collection page/color variants/Blue variant""))",Edge 18,,2019-07-10 17:41:07,2019-07-10 17:41:07,0.494s,PASSED
delay(2),Edge 18,,2019-07-10 17:41:07,2019-07-10 17:41:09,2.005s,PASSED
"click(findTestObject(""APOLLO- Desktop/Collection page/color variants/Black variant""))",Edge 18,,2019-07-10 17:41:09,2019-07-10 17:41:10,0.506s,PASSED
,,,,,,
Test Cases/COLLECTION PAGE/Sort,Edge 18,,2019-07-10 17:41:10,2019-07-10 17:41:55,45.259s,FAILED
"callTestCase(findTestCase(""CALL - URL""), [:], STOP_ON_FAILURE)",Edge 18,,2019-07-10 17:41:10,2019-07-10 17:41:34,23.908s,PASSED
delay(2),Edge 18,,2019-07-10 17:41:34,2019-07-10 17:41:36,2.005s,PASSED
"click(findTestObject(""APOLLO- Desktop/Burger Menu/Burgermenu""))",Edge 18,,2019-07-10 17:41:36,2019-07-10 17:41:36,0.665s,PASSED
delay(2),Edge 18,,2019-07-10 17:41:36,2019-07-10 17:41:38,2.001s,PASSED
"click(findTestObject(""APOLLO- Desktop/Burger Menu/Mens chevron""))",Edge 18,,2019-07-10 17:41:38,2019-07-10 17:41:40,1.169s,PASSED
delay(2),Edge 18,,2019-07-10 17:41:40,2019-07-10 17:41:42,2.002s,PASSED
"click(findTestObject(""APOLLO- Desktop/Burger Menu/Mens - Top Chevron""))",Edge 18,,2019-07-10 17:41:42,2019-07-10 17:41:43,1.390s,PASSED
delay(2),Edge 18,,2019-07-10 17:41:43,2019-07-10 17:41:45,2.006s,PASSED
"click(findTestObject(""APOLLO- Desktop/Burger Menu/Shirts link""))",Edge 18,,2019-07-10 17:41:45,2019-07-10 17:41:46,0.944s,PASSED
"executeJavaScript(""var previewBar = document.getElementById(""preview-bar-iframe""); previewBar.style.display = ""none"";"", [])",Edge 18,,2019-07-10 17:41:46,2019-07-10 17:41:46,0.001s,NOT_RUN
delay(2),Edge 18,,2019-07-10 17:41:46,2019-07-10 17:41:48,2.004s,PASSED
"executeJavaScript(""var previewBar = document.getElementById(""preview-bar-iframe""); previewBar.style.display = ""none"";"", [])",Edge 18,,2019-07-10 17:41:48,2019-07-10 17:41:48,0.001s,NOT_RUN
delay(2),Edge 18,,2019-07-10 17:41:48,2019-07-10 17:41:50,2.002s,PASSED
"click(findTestObject(""APOLLO- Desktop/Collection page/sort/Filter dropdown""))",Edge 18,,2019-07-10 17:41:50,2019-07-10 17:41:51,0.668s,PASSED
delay(2),Edge 18,,2019-07-10 17:41:51,2019-07-10 17:41:53,2.004s,PASSED
"click(findTestObject(""APOLLO- Desktop/Collection page/sort/Featured""))",Edge 18,,2019-07-10 17:41:53,2019-07-10 17:41:55,2.235s,FAILED
,,,,,,
Test Cases/COLLECTION PAGE/Prouducts layout style,Edge 18,,2019-07-10 17:41:55,2019-07-10 17:42:46,51.408s,PASSED
"callTestCase(findTestCase(""CALL - URL""), [:], STOP_ON_FAILURE)",Edge 18,,2019-07-10 17:41:55,2019-07-10 17:42:23,28.052s,PASSED
delay(2),Edge 18,,2019-07-10 17:42:23,2019-07-10 17:42:25,2.007s,PASSED
"click(findTestObject(""APOLLO- Desktop/Burger Menu/Burgermenu""))",Edge 18,,2019-07-10 17:42:25,2019-07-10 17:42:27,1.819s,PASSED
delay(2),Edge 18,,2019-07-10 17:42:27,2019-07-10 17:42:29,2.005s,PASSED
"click(findTestObject(""APOLLO- Desktop/Burger Menu/Mens chevron""))",Edge 18,,2019-07-10 17:42:29,2019-07-10 17:42:29,0.518s,PASSED
delay(2),Edge 18,,2019-07-10 17:42:29,2019-07-10 17:42:31,2.005s,PASSED
"click(findTestObject(""APOLLO- Desktop/Burger Menu/Mens - Top Chevron""))",Edge 18,,2019-07-10 17:42:31,2019-07-10 17:42:32,0.523s,PASSED
delay(2),Edge 18,,2019-07-10 17:42:32,2019-07-10 17:42:34,2.005s,PASSED
"click(findTestObject(""APOLLO- Desktop/Burger Menu/Shirts link""))",Edge 18,,2019-07-10 17:42:34,2019-07-10 17:42:35,0.719s,PASSED
"executeJavaScript(""var previewBar = document.getElementById(""preview-bar-iframe""); previewBar.style.display = ""none"";"", [])",Edge 18,,2019-07-10 17:42:35,2019-07-10 17:42:35,0.000s,NOT_RUN
delay(2),Edge 18,,2019-07-10 17:42:35,2019-07-10 17:42:37,2.001s,PASSED
"executeJavaScript(""var previewBar = document.getElementById(""preview-bar-iframe""); previewBar.style.display = ""none"";"", [])",Edge 18,,2019-07-10 17:42:37,2019-07-10 17:42:37,0.001s,NOT_RUN
delay(2),Edge 18,,2019-07-10 17:42:37,2019-07-10 17:42:39,2.008s,PASSED
"click(findTestObject(""APOLLO- Desktop/Collection page/layout less""))",Edge 18,,2019-07-10 17:42:39,2019-07-10 17:42:39,0.596s,PASSED
delay(2),Edge 18,,2019-07-10 17:42:39,2019-07-10 17:42:41,2.004s,PASSED
a = getPageHeight(),Edge 18,,2019-07-10 17:42:41,2019-07-10 17:42:41,0.092s,PASSED
"comment(""a="" + a)",Edge 18,,2019-07-10 17:42:41,2019-07-10 17:42:41,0.004s,PASSED
delay(2),Edge 18,,2019-07-10 17:42:41,2019-07-10 17:42:43,2.001s,PASSED
"click(findTestObject(""APOLLO- Desktop/Collection page/layout more""))",Edge 18,,2019-07-10 17:42:43,2019-07-10 17:42:44,0.519s,PASSED
delay(2),Edge 18,,2019-07-10 17:42:44,2019-07-10 17:42:46,2.003s,PASSED
b = getPageHeight(),Edge 18,,2019-07-10 17:42:46,2019-07-10 17:42:46,0.339s,PASSED
"comment(""b="" + b)",Edge 18,,2019-07-10 17:42:46,2019-07-10 17:42:46,0.000s,PASSED
"verifyLessThan(b, a)",Edge 18,,2019-07-10 17:42:46,2019-07-10 17:42:46,0.006s,PASSED
,,,,,,
Test Cases/COLLECTION PAGE/Filter,Edge 18,,2019-07-10 17:42:46,2019-07-10 17:43:34,47.999s,FAILED
"callTestCase(findTestCase(""CALL - URL""), [:], STOP_ON_FAILURE)",Edge 18,,2019-07-10 17:42:47,2019-07-10 17:43:13,26.510s,PASSED
delay(2),Edge 18,,2019-07-10 17:43:13,2019-07-10 17:43:15,2.005s,PASSED
"click(findTestObject(""APOLLO- Desktop/Burger Menu/Burgermenu""))",Edge 18,,2019-07-10 17:43:15,2019-07-10 17:43:16,0.588s,PASSED
delay(2),Edge 18,,2019-07-10 17:43:16,2019-07-10 17:43:18,2.002s,PASSED
"click(findTestObject(""APOLLO- Desktop/Burger Menu/Mens chevron""))",Edge 18,,2019-07-10 17:43:18,2019-07-10 17:43:19,1.441s,PASSED
delay(2),Edge 18,,2019-07-10 17:43:19,2019-07-10 17:43:21,2.005s,PASSED
"click(findTestObject(""APOLLO- Desktop/Burger Menu/Mens - Top Chevron""))",Edge 18,,2019-07-10 17:43:21,2019-07-10 17:43:23,1.443s,PASSED
delay(2),Edge 18,,2019-07-10 17:43:23,2019-07-10 17:43:25,2.013s,PASSED
"click(findTestObject(""APOLLO- Desktop/Burger Menu/Shirts link""))",Edge 18,,2019-07-10 17:43:25,2019-07-10 17:43:26,1.364s,PASSED
"executeJavaScript(""var previewBar = document.getElementById(""preview-bar-iframe""); previewBar.style.display = ""none"";"", [])",Edge 18,,2019-07-10 17:43:26,2019-07-10 17:43:26,0.001s,NOT_RUN
delay(2),Edge 18,,2019-07-10 17:43:26,2019-07-10 17:43:28,2.005s,PASSED
"executeJavaScript(""var previewBar = document.getElementById(""preview-bar-iframe""); previewBar.style.display = ""none"";"", [])",Edge 18,,2019-07-10 17:43:28,2019-07-10 17:43:28,0.001s,NOT_RUN
delay(2),Edge 18,,2019-07-10 17:43:28,2019-07-10 17:43:30,2.005s,PASSED
"click(findTestObject(""APOLLO- Desktop/Collection page/Filter/Filter dropdown""))",Edge 18,,2019-07-10 17:43:30,2019-07-10 17:43:30,0.520s,PASSED
delay(2),Edge 18,,2019-07-10 17:43:30,2019-07-10 17:43:32,2.002s,PASSED
"click(findTestObject(""APOLLO- Desktop/Collection page/Filter/a_Small""))",Edge 18,,2019-07-10 17:43:32,2019-07-10 17:43:34,1.748s,FAILED
,,,,,,
Test Cases/HOME PAGE/Store locator,Edge 18,,2019-07-10 17:43:34,2019-07-10 17:44:15,40.720s,PASSED
"callTestCase(findTestCase(""CALL - URL""), [:], STOP_ON_FAILURE)",Edge 18,,2019-07-10 17:43:34,2019-07-10 17:44:07,32.762s,PASSED
delay(2),Edge 18,,2019-07-10 17:44:07,2019-07-10 17:44:09,2.002s,PASSED
"click(findTestObject(""APOLLO- Desktop/Home page/Map location icon""))",Edge 18,,2019-07-10 17:44:09,2019-07-10 17:44:13,3.704s,PASSED
a = getWindowTitle(),Edge 18,,2019-07-10 17:44:13,2019-07-10 17:44:15,2.131s,PASSED
"comment("" a="" + a)",Edge 18,,2019-07-10 17:44:15,2019-07-10 17:44:15,0.001s,PASSED
"b = ""Our Store â€“ Diff Apollo""",Edge 18,,2019-07-10 17:44:15,2019-07-10 17:44:15,0.000s,PASSED
if (a == b),Edge 18,,2019-07-10 17:44:15,2019-07-10 17:44:15,0.001s,PASSED
,,,,,,
Test Cases/HOME PAGE/New letter and video CTA,Edge 18,,2019-07-10 17:44:15,2019-07-10 17:44:50,34.821s,FAILED
"callTestCase(findTestCase(""CALL - URL""), [:], STOP_ON_FAILURE)",Edge 18,,2019-07-10 17:44:15,2019-07-10 17:44:40,24.775s,PASSED
delay(2),Edge 18,,2019-07-10 17:44:40,2019-07-10 17:44:42,2.005s,PASSED
"scrollToElement(findTestObject(""APOLLO- Desktop/Home page/News letter and CTA/Subscribe to our newsletter""), 0)",Edge 18,,2019-07-10 17:44:42,2019-07-10 17:44:42,0.601s,PASSED
delay(2),Edge 18,,2019-07-10 17:44:42,2019-07-10 17:44:44,2.005s,PASSED
"setText(findTestObject(""APOLLO- Desktop/Home page/News letter and CTA/input_Subscribe to our newsletter""), ""suman@gmail.com"")",Edge 18,,2019-07-10 17:44:44,2019-07-10 17:44:46,1.675s,PASSED
delay(2),Edge 18,,2019-07-10 17:44:46,2019-07-10 17:44:48,2.002s,PASSED
"click(findTestObject(""APOLLO- Desktop/Home page/News letter and CTA/button Sign Up""))",Edge 18,,2019-07-10 17:44:48,2019-07-10 17:44:50,1.646s,FAILED
,,,,,,
Test Cases/HOME PAGE/Hero banner - CTA,Edge 18,,2019-07-10 17:44:50,2019-07-10 17:46:21,1m - 31.115s,PASSED
"callTestCase(findTestCase(""CALL - URL""), [:], STOP_ON_FAILURE)",Edge 18,,2019-07-10 17:44:50,2019-07-10 17:45:30,40.214s,PASSED
delay(2),Edge 18,,2019-07-10 17:45:30,2019-07-10 17:45:32,2.001s,PASSED
"click(findTestObject(""APOLLO- Desktop/Home page/Hero banner - CTA/First slick slide""))",Edge 18,,2019-07-10 17:45:32,2019-07-10 17:45:34,1.555s,PASSED
delay(2),Edge 18,,2019-07-10 17:45:34,2019-07-10 17:45:36,2.001s,PASSED
"click(findTestObject(""APOLLO- Desktop/Home page/Hero banner - CTA/Shop Men button""))",Edge 18,,2019-07-10 17:45:36,2019-07-10 17:45:36,0.650s,PASSED
delay(2),Edge 18,,2019-07-10 17:45:36,2019-07-10 17:45:38,2.002s,PASSED
"click(findTestObject(""APOLLO- Desktop/Home page/Hero banner - CTA/Apollo icon""))",Edge 18,,2019-07-10 17:45:38,2019-07-10 17:45:40,2.050s,PASSED
delay(2),Edge 18,,2019-07-10 17:45:40,2019-07-10 17:45:42,2.006s,PASSED
"click(findTestObject(""APOLLO- Desktop/Home page/Hero banner - CTA/second slick slide""))",Edge 18,,2019-07-10 17:45:42,2019-07-10 17:45:47,4.081s,PASSED
delay(2),Edge 18,,2019-07-10 17:45:47,2019-07-10 17:45:49,2.002s,PASSED
"click(findTestObject(""APOLLO- Desktop/Home page/Hero banner - CTA/Shop Women button""))",Edge 18,,2019-07-10 17:45:49,2019-07-10 17:45:49,0.664s,PASSED
delay(2),Edge 18,,2019-07-10 17:45:49,2019-07-10 17:45:51,2.005s,PASSED
"click(findTestObject(""APOLLO- Desktop/Home page/Hero banner - CTA/Apollo icon""))",Edge 18,,2019-07-10 17:45:51,2019-07-10 17:45:52,0.856s,PASSED
delay(2),Edge 18,,2019-07-10 17:45:52,2019-07-10 17:45:54,2.011s,PASSED
"click(findTestObject(""APOLLO- Desktop/Home page/Hero banner - CTA/Third slick slide""))",Edge 18,,2019-07-10 17:45:54,2019-07-10 17:45:56,2.036s,PASSED
delay(2),Edge 18,,2019-07-10 17:45:56,2019-07-10 17:45:58,2.006s,PASSED
"click(findTestObject(""APOLLO- Desktop/Home page/Hero banner - CTA/Shop womesn outer wear""))",Edge 18,,2019-07-10 17:45:58,2019-07-10 17:45:59,0.723s,PASSED
delay(2),Edge 18,,2019-07-10 17:45:59,2019-07-10 17:46:01,2.008s,PASSED
"click(findTestObject(""APOLLO- Desktop/Home page/Hero banner - CTA/Apollo icon""))",Edge 18,,2019-07-10 17:46:01,2019-07-10 17:46:03,2.275s,PASSED
delay(2),Edge 18,,2019-07-10 17:46:03,2019-07-10 17:46:05,2.002s,PASSED
"click(findTestObject(""APOLLO- Desktop/Home page/Hero banner - CTA/First slick slide""))",Edge 18,,2019-07-10 17:46:05,2019-07-10 17:46:08,2.407s,PASSED
delay(2),Edge 18,,2019-07-10 17:46:08,2019-07-10 17:46:10,2.008s,PASSED
"mouseOver(findTestObject(""APOLLO- Desktop/Home page/Hero banner - CTA/Next button chevron""))",Edge 18,,2019-07-10 17:46:10,2019-07-10 17:46:10,0.553s,PASSED
delay(2),Edge 18,,2019-07-10 17:46:10,2019-07-10 17:46:12,2.004s,PASSED
"click(findTestObject(""APOLLO- Desktop/Home page/Hero banner - CTA/Next button chevron""))",Edge 18,,2019-07-10 17:46:12,2019-07-10 17:46:12,0.382s,PASSED
delay(2),Edge 18,,2019-07-10 17:46:12,2019-07-10 17:46:14,2.002s,PASSED
"click(findTestObject(""APOLLO- Desktop/Home page/Hero banner - CTA/Previous button chevron""))",Edge 18,,2019-07-10 17:46:14,2019-07-10 17:46:15,0.515s,PASSED
delay(2),Edge 18,,2019-07-10 17:46:15,2019-07-10 17:46:17,2.005s,PASSED
"click(findTestObject(""APOLLO- Desktop/Home page/Hero banner - CTA/button_Next section""))",Edge 18,,2019-07-10 17:46:17,2019-07-10 17:46:17,0.455s,PASSED
delay(2),Edge 18,,2019-07-10 17:46:17,2019-07-10 17:46:19,2.005s,PASSED
"verifyTextPresent(""Wool Sweater"", false)",Edge 18,,2019-07-10 17:46:19,2019-07-10 17:46:21,1.425s,PASSED
,,,,,,
Test Cases/HOME PAGE/Burger menu - navigation links,Edge 18,,2019-07-10 17:46:21,2019-07-10 17:48:49,2m - 28.160s,PASSED
"callTestCase(findTestCase(""CALL - URL""), [:], STOP_ON_FAILURE)",Edge 18,,2019-07-10 17:46:21,2019-07-10 17:46:58,36.651s,PASSED
delay(2),Edge 18,,2019-07-10 17:46:58,2019-07-10 17:47:00,2.003s,PASSED
"click(findTestObject(""APOLLO- Desktop/Burger Menu/Burgermenu""))",Edge 18,,2019-07-10 17:47:00,2019-07-10 17:47:01,1.280s,PASSED
delay(2),Edge 18,,2019-07-10 17:47:01,2019-07-10 17:47:03,2.002s,PASSED
"click(findTestObject(""APOLLO- Desktop/Burger Menu/Mens chevron""))",Edge 18,,2019-07-10 17:47:03,2019-07-10 17:47:05,1.989s,PASSED
delay(2),Edge 18,,2019-07-10 17:47:05,2019-07-10 17:47:07,2.003s,PASSED
"click(findTestObject(""APOLLO- Desktop/Burger Menu/Mens - Top Chevron""))",Edge 18,,2019-07-10 17:47:07,2019-07-10 17:47:08,1.268s,PASSED
delay(2),Edge 18,,2019-07-10 17:47:08,2019-07-10 17:47:10,2.004s,PASSED
"click(findTestObject(""APOLLO- Desktop/Burger Menu/Shirts link""))",Edge 18,,2019-07-10 17:47:10,2019-07-10 17:47:12,2.095s,PASSED
delay(2),Edge 18,,2019-07-10 17:47:12,2019-07-10 17:47:14,2.002s,PASSED
"click(findTestObject(""APOLLO- Desktop/Burger Menu/Burgermenu""))",Edge 18,,2019-07-10 17:47:14,2019-07-10 17:47:15,0.966s,PASSED
delay(2),Edge 18,,2019-07-10 17:47:15,2019-07-10 17:47:17,2.002s,PASSED
"click(findTestObject(""APOLLO- Desktop/Burger Menu/Mens chevron""))",Edge 18,,2019-07-10 17:47:17,2019-07-10 17:47:18,0.570s,PASSED
delay(2),Edge 18,,2019-07-10 17:47:18,2019-07-10 17:47:20,2.006s,PASSED
"click(findTestObject(""APOLLO- Desktop/Burger Menu/Mens - Top Chevron""))",Edge 18,,2019-07-10 17:47:20,2019-07-10 17:47:20,0.555s,PASSED
delay(2),Edge 18,,2019-07-10 17:47:20,2019-07-10 17:47:22,2.001s,PASSED
"click(findTestObject(""APOLLO- Desktop/Burger Menu/T- Shirts link""))",Edge 18,,2019-07-10 17:47:22,2019-07-10 17:47:23,0.645s,PASSED
delay(2),Edge 18,,2019-07-10 17:47:23,2019-07-10 17:47:25,2.004s,PASSED
"click(findTestObject(""APOLLO- Desktop/Burger Menu/Burgermenu""))",Edge 18,,2019-07-10 17:47:25,2019-07-10 17:47:26,0.862s,PASSED
delay(2),Edge 18,,2019-07-10 17:47:26,2019-07-10 17:47:28,2.002s,PASSED
"click(findTestObject(""APOLLO- Desktop/Burger Menu/Mens chevron""))",Edge 18,,2019-07-10 17:47:28,2019-07-10 17:47:29,1.112s,PASSED
delay(2),Edge 18,,2019-07-10 17:47:29,2019-07-10 17:47:31,2.010s,PASSED
"click(findTestObject(""APOLLO- Desktop/Burger Menu/Mens - Top Chevron""))",Edge 18,,2019-07-10 17:47:31,2019-07-10 17:47:32,0.596s,PASSED
delay(2),Edge 18,,2019-07-10 17:47:32,2019-07-10 17:47:34,2.006s,PASSED
"click(findTestObject(""APOLLO- Desktop/Burger Menu/Sweaters""))",Edge 18,,2019-07-10 17:47:34,2019-07-10 17:47:34,0.627s,PASSED
delay(2),Edge 18,,2019-07-10 17:47:34,2019-07-10 17:47:36,2.004s,PASSED
"click(findTestObject(""APOLLO- Desktop/Burger Menu/Burgermenu""))",Edge 18,,2019-07-10 17:47:36,2019-07-10 17:47:37,0.867s,PASSED
delay(2),Edge 18,,2019-07-10 17:47:37,2019-07-10 17:47:39,2.005s,PASSED
"click(findTestObject(""APOLLO- Desktop/Burger Menu/Women link""))",Edge 18,,2019-07-10 17:47:39,2019-07-10 17:47:40,0.513s,PASSED
delay(2),Edge 18,,2019-07-10 17:47:40,2019-07-10 17:47:42,2.010s,PASSED
"click(findTestObject(""APOLLO- Desktop/Burger Menu/Jackets - Coats""))",Edge 18,,2019-07-10 17:47:42,2019-07-10 17:47:42,0.696s,PASSED
delay(2),Edge 18,,2019-07-10 17:47:42,2019-07-10 17:47:44,2.005s,PASSED
"click(findTestObject(""APOLLO- Desktop/Burger Menu/Burgermenu""))",Edge 18,,2019-07-10 17:47:44,2019-07-10 17:47:45,0.729s,PASSED
delay(2),Edge 18,,2019-07-10 17:47:45,2019-07-10 17:47:47,2.003s,PASSED
"click(findTestObject(""APOLLO- Desktop/Burger Menu/Women link""))",Edge 18,,2019-07-10 17:47:47,2019-07-10 17:47:48,0.507s,PASSED
delay(2),Edge 18,,2019-07-10 17:47:48,2019-07-10 17:47:50,2.004s,PASSED
"click(findTestObject(""APOLLO- Desktop/Burger Menu/Bottoms""))",Edge 18,,2019-07-10 17:47:50,2019-07-10 17:47:50,0.434s,PASSED
delay(2),Edge 18,,2019-07-10 17:47:50,2019-07-10 17:47:52,2.005s,PASSED
"click(findTestObject(""APOLLO- Desktop/Burger Menu/Burgermenu""))",Edge 18,,2019-07-10 17:47:52,2019-07-10 17:47:53,0.896s,PASSED
delay(2),Edge 18,,2019-07-10 17:47:53,2019-07-10 17:47:55,2.011s,PASSED
"click(findTestObject(""APOLLO- Desktop/Burger Menu/Women link""))",Edge 18,,2019-07-10 17:47:55,2019-07-10 17:47:56,0.496s,PASSED
delay(2),Edge 18,,2019-07-10 17:47:56,2019-07-10 17:47:58,2.002s,PASSED
"click(findTestObject(""APOLLO- Desktop/Burger Menu/Shop all""))",Edge 18,,2019-07-10 17:47:58,2019-07-10 17:47:58,0.578s,PASSED
delay(2),Edge 18,,2019-07-10 17:47:58,2019-07-10 17:48:00,2.006s,PASSED
"click(findTestObject(""APOLLO- Desktop/Burger Menu/Burgermenu""))",Edge 18,,2019-07-10 17:48:00,2019-07-10 17:48:01,0.647s,PASSED
delay(2),Edge 18,,2019-07-10 17:48:01,2019-07-10 17:48:03,2.001s,PASSED
"click(findTestObject(""APOLLO- Desktop/Burger Menu/Women link""))",Edge 18,,2019-07-10 17:48:03,2019-07-10 17:48:03,0.599s,PASSED
delay(2),Edge 18,,2019-07-10 17:48:03,2019-07-10 17:48:05,2.001s,PASSED
"click(findTestObject(""APOLLO- Desktop/Burger Menu/Women - Top Chevron""))",Edge 18,,2019-07-10 17:48:05,2019-07-10 17:48:06,0.454s,PASSED
delay(2),Edge 18,,2019-07-10 17:48:06,2019-07-10 17:48:08,2.003s,PASSED
"click(findTestObject(""APOLLO- Desktop/Burger Menu/Shirts link - women""))",Edge 18,,2019-07-10 17:48:08,2019-07-10 17:48:08,0.493s,PASSED
delay(2),Edge 18,,2019-07-10 17:48:08,2019-07-10 17:48:10,2.011s,PASSED
"click(findTestObject(""APOLLO- Desktop/Burger Menu/Burgermenu""))",Edge 18,,2019-07-10 17:48:10,2019-07-10 17:48:11,0.498s,PASSED
delay(2),Edge 18,,2019-07-10 17:48:11,2019-07-10 17:48:13,2.003s,PASSED
"click(findTestObject(""APOLLO- Desktop/Burger Menu/Women link""))",Edge 18,,2019-07-10 17:48:13,2019-07-10 17:48:13,0.672s,PASSED
delay(2),Edge 18,,2019-07-10 17:48:13,2019-07-10 17:48:16,2.003s,PASSED
"click(findTestObject(""APOLLO- Desktop/Burger Menu/Women - Top Chevron""))",Edge 18,,2019-07-10 17:48:16,2019-07-10 17:48:16,0.465s,PASSED
delay(2),Edge 18,,2019-07-10 17:48:16,2019-07-10 17:48:18,2.003s,PASSED
"click(findTestObject(""APOLLO- Desktop/Burger Menu/Sweaters - women""))",Edge 18,,2019-07-10 17:48:18,2019-07-10 17:48:18,0.473s,PASSED
delay(2),Edge 18,,2019-07-10 17:48:18,2019-07-10 17:48:20,2.003s,PASSED
"click(findTestObject(""APOLLO- Desktop/Burger Menu/Burgermenu""))",Edge 18,,2019-07-10 17:48:20,2019-07-10 17:48:21,0.450s,PASSED
delay(2),Edge 18,,2019-07-10 17:48:21,2019-07-10 17:48:23,2.004s,PASSED
"click(findTestObject(""APOLLO- Desktop/Burger Menu/KIds link""))",Edge 18,,2019-07-10 17:48:23,2019-07-10 17:48:23,0.576s,PASSED
delay(2),Edge 18,,2019-07-10 17:48:23,2019-07-10 17:48:25,2.002s,PASSED
"click(findTestObject(""APOLLO- Desktop/Burger Menu/Burgermenu""))",Edge 18,,2019-07-10 17:48:25,2019-07-10 17:48:26,0.519s,PASSED
delay(2),Edge 18,,2019-07-10 17:48:26,2019-07-10 17:48:28,2.003s,PASSED
"click(findTestObject(""APOLLO- Desktop/Burger Menu/collections""))",Edge 18,,2019-07-10 17:48:28,2019-07-10 17:48:29,0.574s,PASSED
delay(2),Edge 18,,2019-07-10 17:48:29,2019-07-10 17:48:31,2.004s,PASSED
"click(findTestObject(""APOLLO- Desktop/Burger Menu/Burgermenu""))",Edge 18,,2019-07-10 17:48:31,2019-07-10 17:48:31,0.539s,PASSED
delay(2),Edge 18,,2019-07-10 17:48:31,2019-07-10 17:48:33,2.007s,PASSED
"click(findTestObject(""APOLLO- Desktop/Burger Menu/About""))",Edge 18,,2019-07-10 17:48:33,2019-07-10 17:48:34,0.496s,PASSED
delay(2),Edge 18,,2019-07-10 17:48:34,2019-07-10 17:48:36,2.003s,PASSED
"click(findTestObject(""APOLLO- Desktop/Burger Menu/Burgermenu""))",Edge 18,,2019-07-10 17:48:36,2019-07-10 17:48:36,0.539s,PASSED
delay(2),Edge 18,,2019-07-10 17:48:36,2019-07-10 17:48:38,2.006s,PASSED
"click(findTestObject(""APOLLO- Desktop/Burger Menu/Blog""))",Edge 18,,2019-07-10 17:48:38,2019-07-10 17:48:39,0.553s,PASSED
delay(2),Edge 18,,2019-07-10 17:48:39,2019-07-10 17:48:41,2.003s,PASSED
"click(findTestObject(""APOLLO- Desktop/Burger Menu/Burgermenu""))",Edge 18,,2019-07-10 17:48:41,2019-07-10 17:48:41,0.739s,PASSED
delay(2),Edge 18,,2019-07-10 17:48:41,2019-07-10 17:48:43,2.002s,PASSED
"click(findTestObject(""APOLLO- Desktop/Burger Menu/Support""))",Edge 18,,2019-07-10 17:48:43,2019-07-10 17:48:44,0.605s,PASSED
delay(2),Edge 18,,2019-07-10 17:48:44,2019-07-10 17:48:46,2.007s,PASSED
"click(findTestObject(""APOLLO- Desktop/Burger Menu/Burgermenu""))",Edge 18,,2019-07-10 17:48:46,2019-07-10 17:48:47,0.511s,PASSED
delay(2),Edge 18,,2019-07-10 17:48:47,2019-07-10 17:48:49,2.003s,PASSED
"click(findTestObject(""APOLLO- Desktop/Burger Menu/Contact us""))",Edge 18,,2019-07-10 17:48:49,2019-07-10 17:48:49,0.478s,PASSED
,,,,,,
Test Cases/HOME PAGE/Featured collection,Edge 18,,2019-07-10 17:48:49,2019-07-10 17:50:20,1m - 31.090s,PASSED
"callTestCase(findTestCase(""CALL - URL""), [:], STOP_ON_FAILURE)",Edge 18,,2019-07-10 17:48:49,2019-07-10 17:49:19,30.236s,PASSED
delay(1),Edge 18,,2019-07-10 17:49:19,2019-07-10 17:49:20,1.005s,PASSED
"scrollToElement(findTestObject(""APOLLO- Desktop/Home page/Featured collection/Sophisticated and elegant - Tile""), 0)",Edge 18,,2019-07-10 17:49:20,2019-07-10 17:49:22,1.218s,PASSED
delay(1),Edge 18,,2019-07-10 17:49:22,2019-07-10 17:49:23,1.002s,PASSED
"mouseOver(findTestObject(""APOLLO- Desktop/Home page/Featured collection/Sophisticated and elegant - Tile - hover""))",Edge 18,,2019-07-10 17:49:23,2019-07-10 17:49:23,0.695s,PASSED
delay(1),Edge 18,,2019-07-10 17:49:23,2019-07-10 17:49:24,1.003s,PASSED
"click(findTestObject(""APOLLO- Desktop/Home page/Featured collection/shop womens bottoms - button""))",Edge 18,,2019-07-10 17:49:24,2019-07-10 17:49:26,1.431s,PASSED
delay(1),Edge 18,,2019-07-10 17:49:26,2019-07-10 17:49:27,1.005s,PASSED
"click(findTestObject(""APOLLO- Desktop/Home page/Hero banner - CTA/Apollo icon""))",Edge 18,,2019-07-10 17:49:27,2019-07-10 17:49:29,1.854s,PASSED
"executeJavaScript(""var previewBar = document.getElementById(""preview-bar-iframe""); previewBar.style.display = ""none"";"", [])",Edge 18,,2019-07-10 17:49:29,2019-07-10 17:49:29,0.000s,NOT_RUN
delay(1),Edge 18,,2019-07-10 17:49:29,2019-07-10 17:49:30,1.005s,PASSED
"scrollToElement(findTestObject(""APOLLO- Desktop/Home page/Featured collection/Designed for function - Tile""), 0)",Edge 18,,2019-07-10 17:49:30,2019-07-10 17:49:33,3.483s,PASSED
delay(1),Edge 18,,2019-07-10 17:49:33,2019-07-10 17:49:34,1.005s,PASSED
"mouseOver(findTestObject(""APOLLO- Desktop/Home page/Featured collection/Designed for function - Tile - hover""))",Edge 18,,2019-07-10 17:49:34,2019-07-10 17:49:36,1.879s,PASSED
delay(1),Edge 18,,2019-07-10 17:49:36,2019-07-10 17:49:37,1.005s,PASSED
"click(findTestObject(""APOLLO- Desktop/Home page/Featured collection/Shop menss jacket - button""))",Edge 18,,2019-07-10 17:49:37,2019-07-10 17:49:41,4.423s,PASSED
delay(1),Edge 18,,2019-07-10 17:49:41,2019-07-10 17:49:42,1.005s,PASSED
"click(findTestObject(""APOLLO- Desktop/Home page/Hero banner - CTA/Apollo icon""))",Edge 18,,2019-07-10 17:49:42,2019-07-10 17:49:44,1.723s,PASSED
"executeJavaScript(""var previewBar = document.getElementById(""preview-bar-iframe""); previewBar.style.display = ""none"";"", [])",Edge 18,,2019-07-10 17:49:44,2019-07-10 17:49:44,0.004s,NOT_RUN
delay(1),Edge 18,,2019-07-10 17:49:44,2019-07-10 17:49:45,1.004s,PASSED
"scrollToElement(findTestObject(""APOLLO- Desktop/Home page/Featured collection/Sweaters - Tile""), 0)",Edge 18,,2019-07-10 17:49:45,2019-07-10 17:49:49,3.580s,PASSED
delay(1),Edge 18,,2019-07-10 17:49:49,2019-07-10 17:49:50,1.003s,PASSED
"mouseOver(findTestObject(""APOLLO- Desktop/Home page/Featured collection/Sweaters - Tile - hover""))",Edge 18,,2019-07-10 17:49:50,2019-07-10 17:49:52,2.126s,PASSED
delay(1),Edge 18,,2019-07-10 17:49:52,2019-07-10 17:49:53,1.004s,PASSED
"click(findTestObject(""APOLLO- Desktop/Home page/Featured collection/shop womens sweaters - button""))",Edge 18,,2019-07-10 17:49:53,2019-07-10 17:49:53,0.583s,PASSED
delay(1),Edge 18,,2019-07-10 17:49:53,2019-07-10 17:49:55,1.005s,PASSED
"click(findTestObject(""APOLLO- Desktop/Home page/Hero banner - CTA/Apollo icon""))",Edge 18,,2019-07-10 17:49:55,2019-07-10 17:49:56,1.822s,PASSED
"executeJavaScript(""var previewBar = document.getElementById(""preview-bar-iframe""); previewBar.style.display = ""none"";"", [])",Edge 18,,2019-07-10 17:49:56,2019-07-10 17:49:56,0.001s,NOT_RUN
delay(1),Edge 18,,2019-07-10 17:49:56,2019-07-10 17:49:57,1.002s,PASSED
"scrollToElement(findTestObject(""APOLLO- Desktop/Home page/Featured collection/Shirts - Tile""), 0)",Edge 18,,2019-07-10 17:49:57,2019-07-10 17:50:01,3.285s,PASSED
delay(1),Edge 18,,2019-07-10 17:50:01,2019-07-10 17:50:02,1.001s,PASSED
"mouseOver(findTestObject(""APOLLO- Desktop/Home page/Featured collection/Shirts - Tile - hover""))",Edge 18,,2019-07-10 17:50:02,2019-07-10 17:50:04,1.967s,PASSED
delay(1),Edge 18,,2019-07-10 17:50:04,2019-07-10 17:50:05,1.002s,PASSED
"click(findTestObject(""APOLLO- Desktop/Home page/Featured collection/Shop menss shirt - button""))",Edge 18,,2019-07-10 17:50:05,2019-07-10 17:50:05,0.676s,PASSED
delay(1),Edge 18,,2019-07-10 17:50:05,2019-07-10 17:50:06,1.010s,PASSED
"click(findTestObject(""APOLLO- Desktop/Home page/Hero banner - CTA/Apollo icon""))",Edge 18,,2019-07-10 17:50:06,2019-07-10 17:50:08,2.046s,PASSED
"executeJavaScript(""var previewBar = document.getElementById(""preview-bar-iframe""); previewBar.style.display = ""none"";"", [])",Edge 18,,2019-07-10 17:50:08,2019-07-10 17:50:08,0.000s,NOT_RUN
delay(1),Edge 18,,2019-07-10 17:50:08,2019-07-10 17:50:09,1.001s,PASSED
"scrollToElement(findTestObject(""APOLLO- Desktop/Home page/OUTER WEAR - TILES - Copy""), 0)",Edge 18,,2019-07-10 17:50:09,2019-07-10 17:50:13,4.092s,PASSED
delay(1),Edge 18,,2019-07-10 17:50:13,2019-07-10 17:50:14,1.004s,PASSED
"mouseOver(findTestObject(""APOLLO- Desktop/Home page/OUTER WEAR - TILES""))",Edge 18,,2019-07-10 17:50:14,2019-07-10 17:50:15,1.044s,PASSED
delay(1),Edge 18,,2019-07-10 17:50:15,2019-07-10 17:50:16,1.002s,PASSED
"click(findTestObject(""APOLLO- Desktop/Home page/Shop mens outer wear -button""))",Edge 18,,2019-07-10 17:50:16,2019-07-10 17:50:17,0.738s,PASSED
"click(findTestObject(""APOLLO- Desktop/Home page/Hero banner - CTA/Apollo icon""))",Edge 18,,2019-07-10 17:50:17,2019-07-10 17:50:20,2.969s,PASSED
,,,,,,
Test Cases/HOME PAGE/Footer,Edge 18,,2019-07-10 17:50:20,2019-07-10 17:51:25,1m - 4.521s,FAILED
"callTestCase(findTestCase(""CALL - URL""), [:], STOP_ON_FAILURE)",Edge 18,,2019-07-10 17:50:20,2019-07-10 17:50:41,20.594s,PASSED
delay(2),Edge 18,,2019-07-10 17:50:41,2019-07-10 17:50:43,2.010s,PASSED
"scrollToElement(findTestObject(""APOLLO- Desktop/Home page/Footer/Social icons position""), 0)",Edge 18,,2019-07-10 17:50:43,2019-07-10 17:50:44,0.820s,PASSED
delay(2),Edge 18,,2019-07-10 17:50:44,2019-07-10 17:50:46,2.003s,PASSED
"click(findTestObject(""APOLLO- Desktop/Home page/Footer/facebook icon""))",Edge 18,,2019-07-10 17:50:46,2019-07-10 17:50:48,2.234s,PASSED
delay(2),Edge 18,,2019-07-10 17:50:48,2019-07-10 17:50:50,2.003s,PASSED
"click(findTestObject(""APOLLO- Desktop/Home page/Footer/Twitter icon""))",Edge 18,,2019-07-10 17:50:50,2019-07-10 17:50:57,7.343s,PASSED
delay(2),Edge 18,,2019-07-10 17:50:57,2019-07-10 17:50:59,2.002s,PASSED
"click(findTestObject(""APOLLO- Desktop/Home page/Footer/Instagram icon""))",Edge 18,,2019-07-10 17:50:59,2019-07-10 17:51:05,5.999s,PASSED
delay(2),Edge 18,,2019-07-10 17:51:05,2019-07-10 17:51:07,2.002s,PASSED
"click(findTestObject(""APOLLO- Desktop/Home page/Footer/Pintrest""))",Edge 18,,2019-07-10 17:51:07,2019-07-10 17:51:10,2.501s,PASSED
delay(2),Edge 18,,2019-07-10 17:51:10,2019-07-10 17:51:12,2.005s,PASSED
"click(findTestObject(""APOLLO- Desktop/Home page/Footer/div_Shop""))",Edge 18,,2019-07-10 17:51:12,2019-07-10 17:51:14,2.292s,PASSED
"executeJavaScript(""var previewBar = document.getElementById(""preview-bar-iframe""); previewBar.style.display = ""none"";"", [])",Edge 18,,2019-07-10 17:51:14,2019-07-10 17:51:14,0.002s,NOT_RUN
delay(4),Edge 18,,2019-07-10 17:51:14,2019-07-10 17:51:18,4.003s,PASSED
"click(findTestObject(""APOLLO- Desktop/Home page/Footer/Shop""))",Edge 18,,2019-07-10 17:51:18,2019-07-10 17:51:19,1.224s,PASSED
delay(2),Edge 18,,2019-07-10 17:51:19,2019-07-10 17:51:21,2.006s,PASSED
"executeJavaScript(""var previewBar = document.getElementById(""preview-bar-iframe""); previewBar.style.display = ""none"";"", [])",Edge 18,,2019-07-10 17:51:21,2019-07-10 17:51:21,0.001s,NOT_RUN
delay(2),Edge 18,,2019-07-10 17:51:21,2019-07-10 17:51:23,2.001s,PASSED
"click(findTestObject(""APOLLO- Desktop/Home page/Footer/About""))",Edge 18,,2019-07-10 17:51:23,2019-07-10 17:51:25,1.322s,FAILED
,,,,,,
Test Cases/HOME PAGE/Cart flyout opening,Edge 18,,2019-07-10 17:51:25,2019-07-10 17:52:18,53.542s,PASSED
"callTestCase(findTestCase(""CALL - URL""), [:], STOP_ON_FAILURE)",Edge 18,,2019-07-10 17:51:25,2019-07-10 17:51:59,34.182s,PASSED
delay(2),Edge 18,,2019-07-10 17:51:59,2019-07-10 17:52:01,2.001s,PASSED
"click(findTestObject(""APOLLO- Desktop/Home page/cart icon open""))",Edge 18,,2019-07-10 17:52:01,2019-07-10 17:52:02,0.968s,PASSED
"flag = verifyTextPresent(""Your bag"", false)",Edge 18,,2019-07-10 17:52:02,2019-07-10 17:52:06,3.484s,PASSED
delay(2),Edge 18,,2019-07-10 17:52:06,2019-07-10 17:52:08,2.005s,PASSED
"comment(""flag="" + flag)",Edge 18,,2019-07-10 17:52:08,2019-07-10 17:52:08,0.002s,PASSED
if (flag == true),Edge 18,,2019-07-10 17:52:08,2019-07-10 17:52:10,2.012s,PASSED
"click(findTestObject(""APOLLO- Desktop/Cart flyout/Cart collapse""))",Edge 18,,2019-07-10 17:52:10,2019-07-10 17:52:11,1.143s,PASSED
delay(2),Edge 18,,2019-07-10 17:52:11,2019-07-10 17:52:13,2.003s,PASSED
"flag1 = verifyTextNotPresent(""Your bag"", false)",Edge 18,,2019-07-10 17:52:13,2019-07-10 17:52:18,5.532s,PASSED
"comment(""flag1="" + flag1)",Edge 18,,2019-07-10 17:52:18,2019-07-10 17:52:18,0.001s,PASSED
if (flag1 == true),Edge 18,,2019-07-10 17:52:18,2019-07-10 17:52:18,0.001s,PASSED
,,,,,,
Test Cases/HOME PAGE/Popular products,Edge 18,,2019-07-10 17:52:18,2019-07-10 17:54:02,1m - 43.426s,FAILED
"callTestCase(findTestCase(""CALL - URL""), [:], STOP_ON_FAILURE)",Edge 18,,2019-07-10 17:52:18,2019-07-10 17:53:21,1m - 2.249s,PASSED
delay(2),Edge 18,,2019-07-10 17:53:21,2019-07-10 17:53:23,2.006s,PASSED
"scrollToElement(findTestObject(""APOLLO- Desktop/Home page/Popular products/Popular products tile""), 0)",Edge 18,,2019-07-10 17:53:23,2019-07-10 17:53:26,3.681s,PASSED
delay(2),Edge 18,,2019-07-10 17:53:26,2019-07-10 17:53:28,2.002s,PASSED
"click(findTestObject(""APOLLO- Desktop/Home page/Popular products/Popular products tile - women slider""))",Edge 18,,2019-07-10 17:53:28,2019-07-10 17:53:29,0.479s,PASSED
delay(2),Edge 18,,2019-07-10 17:53:29,2019-07-10 17:53:31,2.005s,PASSED
"click(findTestObject(""APOLLO- Desktop/Home page/Popular products/first product- women""))",Edge 18,,2019-07-10 17:53:31,2019-07-10 17:53:31,0.572s,PASSED
delay(2),Edge 18,,2019-07-10 17:53:31,2019-07-10 17:53:33,2.004s,PASSED
"click(findTestObject(""APOLLO- Desktop/Home page/Hero banner - CTA/Apollo icon""))",Edge 18,,2019-07-10 17:53:33,2019-07-10 17:53:36,2.562s,PASSED
delay(2),Edge 18,,2019-07-10 17:53:36,2019-07-10 17:53:38,2.004s,PASSED
"scrollToElement(findTestObject(""APOLLO- Desktop/Home page/Popular products/Popular products tile""), 0)",Edge 18,,2019-07-10 17:53:38,2019-07-10 17:53:42,3.739s,PASSED
delay(2),Edge 18,,2019-07-10 17:53:42,2019-07-10 17:53:44,2.011s,PASSED
"click(findTestObject(""APOLLO- Desktop/Home page/Popular products/Popular products tile - kids slider""))",Edge 18,,2019-07-10 17:53:44,2019-07-10 17:53:48,3.938s,PASSED
delay(2),Edge 18,,2019-07-10 17:53:48,2019-07-10 17:53:50,2.002s,PASSED
"click(findTestObject(""APOLLO- Desktop/Home page/Popular products/first product- kids""))",Edge 18,,2019-07-10 17:53:50,2019-07-10 17:53:50,0.523s,PASSED
delay(2),Edge 18,,2019-07-10 17:53:50,2019-07-10 17:53:52,2.010s,PASSED
"click(findTestObject(""APOLLO- Desktop/Home page/Hero banner - CTA/Apollo icon""))",Edge 18,,2019-07-10 17:53:52,2019-07-10 17:53:54,1.790s,PASSED
delay(2),Edge 18,,2019-07-10 17:53:54,2019-07-10 17:53:56,2.001s,PASSED
"executeJavaScript(""var previewBar = document.getElementById(""preview-bar-iframe""); previewBar.style.display = ""none"";"", [])",Edge 18,,2019-07-10 17:53:56,2019-07-10 17:53:56,0.002s,NOT_RUN
"click(findTestObject(""APOLLO- Desktop/Home page/Popular products/Popular products tile - men slider""))",Edge 18,,2019-07-10 17:53:56,2019-07-10 17:54:02,5.685s,FAILED
,,,,,,
Test Cases/HOME PAGE/Our latest blog posts,Edge 18,,2019-07-10 17:54:02,2019-07-10 17:54:40,38.417s,FAILED
"callTestCase(findTestCase(""CALL - URL""), [:], STOP_ON_FAILURE)",Edge 18,,2019-07-10 17:54:02,2019-07-10 17:54:34,31.871s,PASSED
delay(2),Edge 18,,2019-07-10 17:54:34,2019-07-10 17:54:36,2.005s,PASSED
"scrollToElement(findTestObject(""APOLLO- Desktop/Home page/Our latest blog posts/Our latest Blog posts""), 0)",Edge 18,,2019-07-10 17:54:36,2019-07-10 17:54:37,0.782s,PASSED
delay(2),Edge 18,,2019-07-10 17:54:37,2019-07-10 17:54:39,2.006s,PASSED
"click(findTestObject(""APOLLO- Desktop/Home page/Our latest blog posts/second slider""))",Edge 18,,2019-07-10 17:54:39,2019-07-10 17:54:40,1.490s,FAILED
,,,,,,
Test Cases/HOME PAGE/Follow us,Edge 18,,2019-07-10 17:54:40,2019-07-10 17:55:26,45.536s,PASSED
"callTestCase(findTestCase(""CALL - URL""), [:], STOP_ON_FAILURE)",Edge 18,,2019-07-10 17:54:40,2019-07-10 17:55:08,27.869s,PASSED
delay(2),Edge 18,,2019-07-10 17:55:08,2019-07-10 17:55:10,2.005s,PASSED
"scrollToElement(findTestObject(""APOLLO- Desktop/Home page/Follow us/apollodarktheme""), 0)",Edge 18,,2019-07-10 17:55:10,2019-07-10 17:55:11,0.662s,PASSED
delay(2),Edge 18,,2019-07-10 17:55:11,2019-07-10 17:55:13,2.005s,PASSED
"scrollToElement(findTestObject(""APOLLO- Desktop/Home page/Our latest blog posts/Visit Blog""), 0)",Edge 18,,2019-07-10 17:55:13,2019-07-10 17:55:13,0.697s,PASSED
delay(2),Edge 18,,2019-07-10 17:55:13,2019-07-10 17:55:15,2.003s,PASSED
"click(findTestObject(""APOLLO- Desktop/Home page/Follow us/product tile""))",Edge 18,,2019-07-10 17:55:15,2019-07-10 17:55:17,1.155s,PASSED
back(),Edge 18,,2019-07-10 17:55:17,2019-07-10 17:55:17,0.000s,NOT_RUN
"scrollToElement(findTestObject(""APOLLO- Desktop/Home page/Follow us/apollodarktheme""), 0)",Edge 18,,2019-07-10 17:55:17,2019-07-10 17:55:18,0.954s,PASSED
delay(2),Edge 18,,2019-07-10 17:55:18,2019-07-10 17:55:20,2.002s,PASSED
"mouseOver(findTestObject(""APOLLO- Desktop/Home page/Follow us/button-previous""))",Edge 18,,2019-07-10 17:55:20,2019-07-10 17:55:21,0.942s,PASSED
delay(2),Edge 18,,2019-07-10 17:55:21,2019-07-10 17:55:23,2.005s,PASSED
"click(findTestObject(""APOLLO- Desktop/Home page/Follow us/button-previous""))",Edge 18,,2019-07-10 17:55:23,2019-07-10 17:55:23,0.505s,PASSED
delay(2),Edge 18,,2019-07-10 17:55:23,2019-07-10 17:55:25,2.010s,PASSED
"click(findTestObject(""APOLLO- Desktop/Home page/Follow us/button- Next""))",Edge 18,,2019-07-10 17:55:25,2019-07-10 17:55:26,0.599s,PASSED
,,,,,,
Test Cases/PRODUCT PAGE/Social media icons,Edge 18,,2019-07-10 17:55:26,2019-07-10 17:56:30,1m - 4.746s,FAILED
"callTestCase(findTestCase(""CALL - URL""), [:], STOP_ON_FAILURE)",Edge 18,,2019-07-10 17:55:26,2019-07-10 17:56:08,42.017s,PASSED
delay(2),Edge 18,,2019-07-10 17:56:08,2019-07-10 17:56:10,2.003s,PASSED
"click(findTestObject(""APOLLO- Desktop/Burger Menu/Burgermenu""))",Edge 18,,2019-07-10 17:56:10,2019-07-10 17:56:10,0.594s,PASSED
delay(2),Edge 18,,2019-07-10 17:56:10,2019-07-10 17:56:12,2.001s,PASSED
"click(findTestObject(""APOLLO- Desktop/Burger Menu/Mens chevron""))",Edge 18,,2019-07-10 17:56:12,2019-07-10 17:56:13,0.642s,PASSED
delay(2),Edge 18,,2019-07-10 17:56:13,2019-07-10 17:56:15,2.006s,PASSED
"click(findTestObject(""APOLLO- Desktop/Burger Menu/Mens - Top Chevron""))",Edge 18,,2019-07-10 17:56:15,2019-07-10 17:56:16,0.474s,PASSED
delay(2),Edge 18,,2019-07-10 17:56:16,2019-07-10 17:56:18,2.003s,PASSED
"click(findTestObject(""APOLLO- Desktop/Burger Menu/Shirts link""))",Edge 18,,2019-07-10 17:56:18,2019-07-10 17:56:18,0.480s,PASSED
"executeJavaScript(""var previewBar = document.getElementById(""preview-bar-iframe""); previewBar.style.display = ""none"";"", [])",Edge 18,,2019-07-10 17:56:18,2019-07-10 17:56:18,0.000s,NOT_RUN
delay(2),Edge 18,,2019-07-10 17:56:18,2019-07-10 17:56:20,2.006s,PASSED
"click(findTestObject(""APOLLO- Desktop/Collection page/Blue shirt product""))",Edge 18,,2019-07-10 17:56:20,2019-07-10 17:56:21,0.615s,PASSED
delay(2),Edge 18,,2019-07-10 17:56:21,2019-07-10 17:56:23,2.004s,PASSED
"executeJavaScript(""var previewBar = document.getElementById(""preview-bar-iframe""); previewBar.style.display = ""none"";"", [])",Edge 18,,2019-07-10 17:56:23,2019-07-10 17:56:23,0.001s,NOT_RUN
delay(2),Edge 18,,2019-07-10 17:56:23,2019-07-10 17:56:25,2.001s,PASSED
"click(findTestObject(""APOLLO- Desktop/Product page/facebook icon""))",Edge 18,,2019-07-10 17:56:25,2019-07-10 17:56:26,1.814s,PASSED
delay(2),Edge 18,,2019-07-10 17:56:26,2019-07-10 17:56:28,2.001s,PASSED
"click(findTestObject(""APOLLO- Desktop/Product page/twitter icon""))",Edge 18,,2019-07-10 17:56:28,2019-07-10 17:56:30,1.925s,FAILED
,,,,,,
Test Cases/PRODUCT PAGE/More payment link and buy with google pay,Edge 18,,2019-07-10 17:56:30,2019-07-10 17:58:05,1m - 34.934s,FAILED
"callTestCase(findTestCase(""CALL - URL""), [:], STOP_ON_FAILURE)",Edge 18,,2019-07-10 17:56:31,2019-07-10 17:56:55,24.912s,PASSED
delay(2),Edge 18,,2019-07-10 17:56:55,2019-07-10 17:56:57,2.005s,PASSED
"click(findTestObject(""APOLLO- Desktop/Burger Menu/Burgermenu""))",Edge 18,,2019-07-10 17:56:57,2019-07-10 17:56:58,0.716s,PASSED
delay(2),Edge 18,,2019-07-10 17:56:58,2019-07-10 17:57:00,2.003s,PASSED
"click(findTestObject(""APOLLO- Desktop/Burger Menu/Mens chevron""))",Edge 18,,2019-07-10 17:57:00,2019-07-10 17:57:01,1.129s,PASSED
delay(2),Edge 18,,2019-07-10 17:57:01,2019-07-10 17:57:03,2.006s,PASSED
"click(findTestObject(""APOLLO- Desktop/Burger Menu/Mens - Top Chevron""))",Edge 18,,2019-07-10 17:57:03,2019-07-10 17:57:04,1.048s,PASSED
delay(2),Edge 18,,2019-07-10 17:57:04,2019-07-10 17:57:06,2.003s,PASSED
"click(findTestObject(""APOLLO- Desktop/Burger Menu/Shirts link""))",Edge 18,,2019-07-10 17:57:06,2019-07-10 17:57:07,0.659s,PASSED
"executeJavaScript(""var previewBar = document.getElementById(""preview-bar-iframe""); previewBar.style.display = ""none"";"", [])",Edge 18,,2019-07-10 17:57:07,2019-07-10 17:57:07,0.000s,NOT_RUN
delay(2),Edge 18,,2019-07-10 17:57:07,2019-07-10 17:57:09,2.010s,PASSED
"click(findTestObject(""APOLLO- Desktop/Collection page/Blue shirt product""))",Edge 18,,2019-07-10 17:57:09,2019-07-10 17:57:10,0.839s,PASSED
delay(2),Edge 18,,2019-07-10 17:57:10,2019-07-10 17:57:12,2.002s,PASSED
"executeJavaScript(""var previewBar = document.getElementById(""preview-bar-iframe""); previewBar.style.display = ""none"";"", [])",Edge 18,,2019-07-10 17:57:12,2019-07-10 17:57:12,0.001s,NOT_RUN
delay(2),Edge 18,,2019-07-10 17:57:12,2019-07-10 17:57:14,2.002s,PASSED
"click(findTestObject(""APOLLO- Desktop/Product page/More payment options""))",Edge 18,,2019-07-10 17:57:14,2019-07-10 17:58:05,51.456s,FAILED
,,,,,,
Test Cases/PRODUCT PAGE/Product chevron dropdowns,Edge 18,,2019-07-10 17:58:05,2019-07-10 17:58:50,44.218s,FAILED
"callTestCase(findTestCase(""CALL - URL""), [:], STOP_ON_FAILURE)",Edge 18,,2019-07-10 17:58:05,2019-07-10 17:58:29,23.602s,PASSED
delay(2),Edge 18,,2019-07-10 17:58:29,2019-07-10 17:58:31,2.003s,PASSED
"click(findTestObject(""APOLLO- Desktop/Burger Menu/Burgermenu""))",Edge 18,,2019-07-10 17:58:31,2019-07-10 17:58:32,0.748s,PASSED
delay(2),Edge 18,,2019-07-10 17:58:32,2019-07-10 17:58:34,2.004s,PASSED
"click(findTestObject(""APOLLO- Desktop/Burger Menu/Mens chevron""))",Edge 18,,2019-07-10 17:58:34,2019-07-10 17:58:34,0.698s,PASSED
delay(2),Edge 18,,2019-07-10 17:58:34,2019-07-10 17:58:37,2.006s,PASSED
"click(findTestObject(""APOLLO- Desktop/Burger Menu/Mens - Top Chevron""))",Edge 18,,2019-07-10 17:58:37,2019-07-10 17:58:37,0.934s,PASSED
delay(2),Edge 18,,2019-07-10 17:58:37,2019-07-10 17:58:39,2.006s,PASSED
"click(findTestObject(""APOLLO- Desktop/Burger Menu/Shirts link""))",Edge 18,,2019-07-10 17:58:39,2019-07-10 17:58:40,0.718s,PASSED
"executeJavaScript(""var previewBar = document.getElementById(""preview-bar-iframe""); previewBar.style.display = ""none"";"", [])",Edge 18,,2019-07-10 17:58:40,2019-07-10 17:58:40,0.000s,NOT_RUN
delay(2),Edge 18,,2019-07-10 17:58:40,2019-07-10 17:58:42,2.002s,PASSED
"click(findTestObject(""APOLLO- Desktop/Collection page/Blue shirt product""))",Edge 18,,2019-07-10 17:58:42,2019-07-10 17:58:43,0.905s,PASSED
delay(2),Edge 18,,2019-07-10 17:58:43,2019-07-10 17:58:45,2.011s,PASSED
"executeJavaScript(""var previewBar = document.getElementById(""preview-bar-iframe""); previewBar.style.display = ""none"";"", [])",Edge 18,,2019-07-10 17:58:45,2019-07-10 17:58:45,0.001s,NOT_RUN
delay(2),Edge 18,,2019-07-10 17:58:45,2019-07-10 17:58:47,2.005s,PASSED
"click(findTestObject(""APOLLO- Desktop/Product page/Details chevron open""))",Edge 18,,2019-07-10 17:58:47,2019-07-10 17:58:50,2.466s,FAILED
,,,,,,
Test Cases/PRODUCT PAGE/You might also like,Edge 18,,2019-07-10 17:58:50,2019-07-10 17:59:51,1m - 1.083s,FAILED
"callTestCase(findTestCase(""CALL - URL""), [:], STOP_ON_FAILURE)",Edge 18,,2019-07-10 17:58:50,2019-07-10 17:59:30,39.947s,PASSED
delay(2),Edge 18,,2019-07-10 17:59:30,2019-07-10 17:59:32,2.004s,PASSED
"click(findTestObject(""APOLLO- Desktop/Burger Menu/Burgermenu""))",Edge 18,,2019-07-10 17:59:32,2019-07-10 17:59:32,0.581s,PASSED
delay(2),Edge 18,,2019-07-10 17:59:32,2019-07-10 17:59:34,2.004s,PASSED
"click(findTestObject(""APOLLO- Desktop/Burger Menu/Mens chevron""))",Edge 18,,2019-07-10 17:59:34,2019-07-10 17:59:35,1.204s,PASSED
delay(2),Edge 18,,2019-07-10 17:59:35,2019-07-10 17:59:37,2.006s,PASSED
"click(findTestObject(""APOLLO- Desktop/Burger Menu/Mens - Top Chevron""))",Edge 18,,2019-07-10 17:59:37,2019-07-10 17:59:39,1.313s,PASSED
delay(2),Edge 18,,2019-07-10 17:59:39,2019-07-10 17:59:41,2.004s,PASSED
"click(findTestObject(""APOLLO- Desktop/Burger Menu/Shirts link""))",Edge 18,,2019-07-10 17:59:41,2019-07-10 17:59:42,0.920s,PASSED
"executeJavaScript(""var previewBar = document.getElementById(""preview-bar-iframe""); previewBar.style.display = ""none"";"", [])",Edge 18,,2019-07-10 17:59:42,2019-07-10 17:59:42,0.001s,NOT_RUN
delay(2),Edge 18,,2019-07-10 17:59:42,2019-07-10 17:59:44,2.000s,PASSED
"click(findTestObject(""APOLLO- Desktop/Collection page/Blue shirt product""))",Edge 18,,2019-07-10 17:59:44,2019-07-10 17:59:45,0.922s,PASSED
delay(2),Edge 18,,2019-07-10 17:59:45,2019-07-10 17:59:47,2.005s,PASSED
"executeJavaScript(""var previewBar = document.getElementById(""preview-bar-iframe""); previewBar.style.display = ""none"";"", [])",Edge 18,,2019-07-10 17:59:47,2019-07-10 17:59:47,0.000s,NOT_RUN
delay(2),Edge 18,,2019-07-10 17:59:47,2019-07-10 17:59:49,2.003s,PASSED
"click(findTestObject(""APOLLO- Desktop/Product page/You might alos like/you might also like""))",Edge 18,,2019-07-10 17:59:49,2019-07-10 17:59:51,2.002s,FAILED
,,,,,,
Test Cases/PRODUCT PAGE/Shop all products CTA,Edge 18,,2019-07-10 17:59:51,2019-07-10 18:00:38,47.269s,FAILED
"callTestCase(findTestCase(""CALL - URL""), [:], STOP_ON_FAILURE)",Edge 18,,2019-07-10 17:59:51,2019-07-10 18:00:17,26.020s,PASSED
delay(2),Edge 18,,2019-07-10 18:00:17,2019-07-10 18:00:19,2.002s,PASSED
"click(findTestObject(""APOLLO- Desktop/Burger Menu/Burgermenu""))",Edge 18,,2019-07-10 18:00:19,2019-07-10 18:00:20,1.124s,PASSED
delay(2),Edge 18,,2019-07-10 18:00:20,2019-07-10 18:00:22,2.004s,PASSED
"click(findTestObject(""APOLLO- Desktop/Burger Menu/Mens chevron""))",Edge 18,,2019-07-10 18:00:22,2019-07-10 18:00:23,1.043s,PASSED
delay(2),Edge 18,,2019-07-10 18:00:23,2019-07-10 18:00:25,2.006s,PASSED
"click(findTestObject(""APOLLO- Desktop/Burger Menu/Mens - Top Chevron""))",Edge 18,,2019-07-10 18:00:25,2019-07-10 18:00:26,0.681s,PASSED
delay(2),Edge 18,,2019-07-10 18:00:26,2019-07-10 18:00:28,2.001s,PASSED
"click(findTestObject(""APOLLO- Desktop/Burger Menu/Shirts link""))",Edge 18,,2019-07-10 18:00:28,2019-07-10 18:00:28,0.605s,PASSED
"executeJavaScript(""var previewBar = document.getElementById(""preview-bar-iframe""); previewBar.style.display = ""none"";"", [])",Edge 18,,2019-07-10 18:00:28,2019-07-10 18:00:28,0.001s,NOT_RUN
delay(2),Edge 18,,2019-07-10 18:00:28,2019-07-10 18:00:30,2.006s,PASSED
"click(findTestObject(""APOLLO- Desktop/Collection page/Blue shirt product""))",Edge 18,,2019-07-10 18:00:30,2019-07-10 18:00:31,0.815s,PASSED
delay(2),Edge 18,,2019-07-10 18:00:31,2019-07-10 18:00:33,2.002s,PASSED
"executeJavaScript(""var previewBar = document.getElementById(""preview-bar-iframe""); previewBar.style.display = ""none"";"", [])",Edge 18,,2019-07-10 18:00:33,2019-07-10 18:00:33,0.001s,NOT_RUN
delay(2),Edge 18,,2019-07-10 18:00:33,2019-07-10 18:00:35,2.003s,PASSED
"click(findTestObject(""APOLLO- Desktop/Product page/a_Shop all products""))",Edge 18,,2019-07-10 18:00:35,2019-07-10 18:00:38,2.843s,FAILED
,,,,,,
Test Cases/PRODUCT PAGE/Image sliders and chevrons,Edge 18,,2019-07-10 18:00:38,2019-07-10 18:02:02,1m - 24.502s,PASSED
"callTestCase(findTestCase(""CALL - URL""), [:], STOP_ON_FAILURE)",Edge 18,,2019-07-10 18:00:38,2019-07-10 18:01:11,33.410s,PASSED
delay(2),Edge 18,,2019-07-10 18:01:11,2019-07-10 18:01:13,2.006s,PASSED
"click(findTestObject(""APOLLO- Desktop/Burger Menu/Burgermenu""))",Edge 18,,2019-07-10 18:01:13,2019-07-10 18:01:14,1.011s,PASSED
delay(2),Edge 18,,2019-07-10 18:01:14,2019-07-10 18:01:16,2.006s,PASSED
"click(findTestObject(""APOLLO- Desktop/Burger Menu/Mens chevron""))",Edge 18,,2019-07-10 18:01:16,2019-07-10 18:01:18,1.437s,PASSED
delay(2),Edge 18,,2019-07-10 18:01:18,2019-07-10 18:01:20,2.005s,PASSED
"click(findTestObject(""APOLLO- Desktop/Burger Menu/Mens - Top Chevron""))",Edge 18,,2019-07-10 18:01:20,2019-07-10 18:01:21,1.487s,PASSED
delay(2),Edge 18,,2019-07-10 18:01:21,2019-07-10 18:01:23,2.016s,PASSED
"click(findTestObject(""APOLLO- Desktop/Burger Menu/Shirts link""))",Edge 18,,2019-07-10 18:01:23,2019-07-10 18:01:26,2.265s,PASSED
"executeJavaScript(""var previewBar = document.getElementById(""preview-bar-iframe""); previewBar.style.display = ""none"";"", [])",Edge 18,,2019-07-10 18:01:26,2019-07-10 18:01:26,0.001s,NOT_RUN
delay(2),Edge 18,,2019-07-10 18:01:26,2019-07-10 18:01:28,2.001s,PASSED
"click(findTestObject(""APOLLO- Desktop/Collection page/Striped T-shirt""))",Edge 18,,2019-07-10 18:01:28,2019-07-10 18:01:30,2.613s,PASSED
delay(2),Edge 18,,2019-07-10 18:01:30,2019-07-10 18:01:32,2.006s,PASSED
"executeJavaScript(""var previewBar = document.getElementById(""preview-bar-iframe""); previewBar.style.display = ""none"";"", [])",Edge 18,,2019-07-10 18:01:32,2019-07-10 18:01:32,0.000s,NOT_RUN
delay(2),Edge 18,,2019-07-10 18:01:32,2019-07-10 18:01:34,2.008s,PASSED
"click(findTestObject(""APOLLO- Desktop/Product page/Image slider 1""))",Edge 18,,2019-07-10 18:01:34,2019-07-10 18:01:36,1.617s,PASSED
delay(2),Edge 18,,2019-07-10 18:01:36,2019-07-10 18:01:38,2.001s,PASSED
"click(findTestObject(""APOLLO- Desktop/Product page/Image slider 2""))",Edge 18,,2019-07-10 18:01:38,2019-07-10 18:01:40,2.094s,PASSED
delay(2),Edge 18,,2019-07-10 18:01:40,2019-07-10 18:01:42,2.005s,PASSED
"click(findTestObject(""APOLLO- Desktop/Product page/Image slider 3""))",Edge 18,,2019-07-10 18:01:42,2019-07-10 18:01:43,0.591s,PASSED
delay(2),Edge 18,,2019-07-10 18:01:43,2019-07-10 18:01:45,2.002s,PASSED
"click(findTestObject(""APOLLO- Desktop/Product page/Image slider 4""))",Edge 18,,2019-07-10 18:01:45,2019-07-10 18:01:45,0.432s,PASSED
delay(2),Edge 18,,2019-07-10 18:01:45,2019-07-10 18:01:47,2.004s,PASSED
"click(findTestObject(""APOLLO- Desktop/Product page/Image slider 5""))",Edge 18,,2019-07-10 18:01:47,2019-07-10 18:01:48,0.791s,PASSED
delay(2),Edge 18,,2019-07-10 18:01:48,2019-07-10 18:01:50,2.010s,PASSED
"click(findTestObject(""APOLLO- Desktop/Product page/Image slider 7""))",Edge 18,,2019-07-10 18:01:50,2019-07-10 18:01:50,0.435s,PASSED
delay(2),Edge 18,,2019-07-10 18:01:50,2019-07-10 18:01:52,2.004s,PASSED
"click(findTestObject(""APOLLO- Desktop/Product page/Image slider 8""))",Edge 18,,2019-07-10 18:01:52,2019-07-10 18:01:53,0.557s,PASSED
delay(2),Edge 18,,2019-07-10 18:01:53,2019-07-10 18:01:53,0.000s,NOT_RUN
delay(2),Edge 18,,2019-07-10 18:01:53,2019-07-10 18:01:55,2.003s,PASSED
"mouseOver(findTestObject(""APOLLO- Desktop/Product page/Next button""))",Edge 18,,2019-07-10 18:01:55,2019-07-10 18:01:55,0.001s,NOT_RUN
delay(2),Edge 18,,2019-07-10 18:01:55,2019-07-10 18:01:57,2.006s,PASSED
"mouseOver(findTestObject(""APOLLO- Desktop/Product page/Previous button""))",Edge 18,,2019-07-10 18:01:57,2019-07-10 18:01:57,0.564s,PASSED
delay(2),Edge 18,,2019-07-10 18:01:57,2019-07-10 18:01:59,2.001s,PASSED
"click(findTestObject(""APOLLO- Desktop/Product page/Previous button""))",Edge 18,,2019-07-10 18:01:59,2019-07-10 18:02:00,0.446s,PASSED
delay(2),Edge 18,,2019-07-10 18:02:00,2019-07-10 18:02:02,2.002s,PASSED
"click(findTestObject(""APOLLO- Desktop/Product page/Next button""))",Edge 18,,2019-07-10 18:02:02,2019-07-10 18:02:02,0.536s,PASSED
,,,,,,
Test Cases/CRITICAL PATH/Home page - add to bag CTA,Edge 18,,2019-07-10 18:02:02,2019-07-10 18:02:42,39.310s,FAILED
"callTestCase(findTestCase(""CALL - URL""), [:], STOP_ON_FAILURE)",Edge 18,,2019-07-10 18:02:03,2019-07-10 18:02:38,35.508s,PASSED
"flag = verifyElementClickable(findTestObject(""APOLLO- Desktop/Home page/Navy variant""))",Edge 18,,2019-07-10 18:02:38,2019-07-10 18:02:40,1.954s,PASSED
"comment(""flag="" + flag)",Edge 18,,2019-07-10 18:02:40,2019-07-10 18:02:40,0.001s,PASSED
if (flag == true),Edge 18,,2019-07-10 18:02:40,2019-07-10 18:02:42,1.693s,FAILED
,,,,,,
Test Cases/CRITICAL PATH/Increase quantity - cart page,Edge 18,,2019-07-10 18:02:42,2019-07-10 18:04:05,1m - 23.492s,FAILED
"callTestCase(findTestCase(""CALL - URL""), [:], STOP_ON_FAILURE)",Edge 18,,2019-07-10 18:02:42,2019-07-10 18:03:12,29.789s,PASSED
delay(1),Edge 18,,2019-07-10 18:03:12,2019-07-10 18:03:13,1.004s,PASSED
"click(findTestObject(""APOLLO- Desktop/Burger Menu/Burgermenu""))",Edge 18,,2019-07-10 18:03:13,2019-07-10 18:03:14,1.288s,PASSED
delay(2),Edge 18,,2019-07-10 18:03:14,2019-07-10 18:03:16,2.003s,PASSED
"click(findTestObject(""APOLLO- Desktop/Burger Menu/Mens chevron""))",Edge 18,,2019-07-10 18:03:16,2019-07-10 18:03:17,0.964s,PASSED
delay(2),Edge 18,,2019-07-10 18:03:17,2019-07-10 18:03:19,2.005s,PASSED
"click(findTestObject(""APOLLO- Desktop/Burger Menu/Mens - Top Chevron""))",Edge 18,,2019-07-10 18:03:19,2019-07-10 18:03:20,1.073s,PASSED
delay(2),Edge 18,,2019-07-10 18:03:20,2019-07-10 18:03:22,2.002s,PASSED
"click(findTestObject(""APOLLO- Desktop/Burger Menu/Shirts link""))",Edge 18,,2019-07-10 18:03:22,2019-07-10 18:03:23,0.821s,PASSED
"executeJavaScript(""var previewBar = document.getElementById(""preview-bar-iframe""); previewBar.style.display = ""none"";"", [])",Edge 18,,2019-07-10 18:03:23,2019-07-10 18:03:23,0.001s,NOT_RUN
delay(2),Edge 18,,2019-07-10 18:03:23,2019-07-10 18:03:25,2.011s,PASSED
"click(findTestObject(""APOLLO- Desktop/Collection page/Blue shirt product""))",Edge 18,,2019-07-10 18:03:25,2019-07-10 18:03:28,2.840s,PASSED
delay(2),Edge 18,,2019-07-10 18:03:28,2019-07-10 18:03:30,2.008s,PASSED
"selectOptionByValue(findTestObject(""APOLLO- Desktop/Product page/Size dropdown""), ""Medium"", true)",Edge 18,,2019-07-10 18:03:30,2019-07-10 18:03:35,5.565s,PASSED
delay(2),Edge 18,,2019-07-10 18:03:35,2019-07-10 18:03:37,2.002s,PASSED
"click(findTestObject(""APOLLO- Desktop/Product page/Add to bag""))",Edge 18,,2019-07-10 18:03:37,2019-07-10 18:03:38,0.396s,PASSED
delay(2),Edge 18,,2019-07-10 18:03:38,2019-07-10 18:03:40,2.004s,PASSED
"click(findTestObject(""APOLLO- Desktop/Cart flyout/Checkout""))",Edge 18,,2019-07-10 18:03:40,2019-07-10 18:03:40,0.618s,PASSED
delay(2),Edge 18,,2019-07-10 18:03:40,2019-07-10 18:03:42,2.005s,PASSED
"click(findTestObject(""APOLLO- Desktop/Customer Information page/Cart page breadcrumb""))",Edge 18,,2019-07-10 18:03:42,2019-07-10 18:03:43,0.765s,PASSED
delay(2),Edge 18,,2019-07-10 18:03:43,2019-07-10 18:03:45,2.007s,PASSED
"a = getText(findTestObject(""APOLLO- Desktop/Cart page/Subtotal in cart page""))",Edge 18,,2019-07-10 18:03:45,2019-07-10 18:03:47,1.701s,PASSED
"comment(""a="" + a)",Edge 18,,2019-07-10 18:03:47,2019-07-10 18:03:47,0.001s,PASSED
delay(2),Edge 18,,2019-07-10 18:03:47,2019-07-10 18:03:49,2.003s,PASSED
"click(findTestObject(""APOLLO- Desktop/Cart page/Increase quantity - cart page""))",Edge 18,,2019-07-10 18:03:49,2019-07-10 18:03:49,0.536s,PASSED
delay(2),Edge 18,,2019-07-10 18:03:49,2019-07-10 18:03:51,2.005s,PASSED
"click(findTestObject(""APOLLO- Desktop/Cart page/Increase quantity - cart page""))",Edge 18,,2019-07-10 18:03:51,2019-07-10 18:03:52,0.452s,PASSED
delay(2),Edge 18,,2019-07-10 18:03:52,2019-07-10 18:03:54,2.013s,PASSED
"setText(findTestObject(""APOLLO- Desktop/Cart flyout/CArt quanty update""), ""3"")",Edge 18,,2019-07-10 18:03:54,2019-07-10 18:03:55,1.254s,PASSED
delay(2),Edge 18,,2019-07-10 18:03:55,2019-07-10 18:03:57,2.002s,PASSED
"click(findTestObject(""APOLLO- Desktop/Cart page/Click outside the page""))",Edge 18,,2019-07-10 18:03:57,2019-07-10 18:03:57,0.434s,PASSED
delay(2),Edge 18,,2019-07-10 18:03:57,2019-07-10 18:03:59,2.005s,PASSED
"b = getText(findTestObject(""APOLLO- Desktop/Cart page/Subtotal in cart page""))",Edge 18,,2019-07-10 18:03:59,2019-07-10 18:04:00,0.378s,PASSED
"comment(""b="" + b)",Edge 18,,2019-07-10 18:04:00,2019-07-10 18:04:00,0.000s,PASSED
"flag = verifyNotEqual(""a"", ""b"")",Edge 18,,2019-07-10 18:04:00,2019-07-10 18:04:00,0.007s,PASSED
if (flag == true),Edge 18,,2019-07-10 18:04:00,2019-07-10 18:04:00,0.001s,PASSED
delay(2),Edge 18,,2019-07-10 18:04:00,2019-07-10 18:04:02,2.002s,PASSED
"executeJavaScript(""var previewBar = document.getElementById(""preview-bar-iframe""); previewBar.style.display = ""none"";"", [])",Edge 18,,2019-07-10 18:04:02,2019-07-10 18:04:02,0.000s,NOT_RUN
delay(2),Edge 18,,2019-07-10 18:04:02,2019-07-10 18:04:04,2.002s,PASSED
"click(findTestObject(""APOLLO- Desktop/Cart flyout/Checkout""))",Edge 18,,2019-07-10 18:04:04,2019-07-10 18:04:05,1.403s,FAILED
,,,,,,
Test Cases/CRITICAL PATH/Increase quantity - Cart flyout,Edge 18,,2019-07-10 18:04:05,2019-07-10 18:06:25,2m - 19.826s,FAILED
"callTestCase(findTestCase(""CALL - URL""), [:], STOP_ON_FAILURE)",Edge 18,,2019-07-10 18:04:05,2019-07-10 18:04:35,29.200s,PASSED
delay(1),Edge 18,,2019-07-10 18:04:35,2019-07-10 18:04:36,1.005s,PASSED
"click(findTestObject(""APOLLO- Desktop/Burger Menu/Burgermenu""))",Edge 18,,2019-07-10 18:04:36,2019-07-10 18:04:37,1.168s,PASSED
delay(2),Edge 18,,2019-07-10 18:04:37,2019-07-10 18:04:39,2.005s,PASSED
"click(findTestObject(""APOLLO- Desktop/Burger Menu/Mens chevron""))",Edge 18,,2019-07-10 18:04:39,2019-07-10 18:04:40,1.222s,PASSED
delay(2),Edge 18,,2019-07-10 18:04:40,2019-07-10 18:04:42,2.004s,PASSED
"click(findTestObject(""APOLLO- Desktop/Burger Menu/Mens - Top Chevron""))",Edge 18,,2019-07-10 18:04:42,2019-07-10 18:04:42,0.535s,PASSED
delay(2),Edge 18,,2019-07-10 18:04:42,2019-07-10 18:04:44,2.007s,PASSED
"click(findTestObject(""APOLLO- Desktop/Burger Menu/Shirts link""))",Edge 18,,2019-07-10 18:04:44,2019-07-10 18:04:45,0.702s,PASSED
"executeJavaScript(""var previewBar = document.getElementById(""preview-bar-iframe""); previewBar.style.display = ""none"";"", [])",Edge 18,,2019-07-10 18:04:45,2019-07-10 18:04:45,0.000s,NOT_RUN
delay(2),Edge 18,,2019-07-10 18:04:45,2019-07-10 18:04:47,2.006s,PASSED
"click(findTestObject(""APOLLO- Desktop/Collection page/Blue shirt product""))",Edge 18,,2019-07-10 18:04:47,2019-07-10 18:04:48,0.960s,PASSED
delay(2),Edge 18,,2019-07-10 18:04:48,2019-07-10 18:04:50,2.005s,PASSED
"selectOptionByValue(findTestObject(""APOLLO- Desktop/Product page/Size dropdown""), ""Medium"", true)",Edge 18,,2019-07-10 18:04:50,2019-07-10 18:04:55,4.996s,PASSED
delay(2),Edge 18,,2019-07-10 18:04:55,2019-07-10 18:04:57,2.005s,PASSED
"click(findTestObject(""APOLLO- Desktop/Product page/Add to bag""))",Edge 18,,2019-07-10 18:04:57,2019-07-10 18:04:58,0.441s,PASSED
delay(2),Edge 18,,2019-07-10 18:04:58,2019-07-10 18:05:00,2.005s,PASSED
"a = getText(findTestObject(""APOLLO- Desktop/Cart flyout/Subtotal in cart flyout""))",Edge 18,,2019-07-10 18:05:00,2019-07-10 18:05:00,0.525s,PASSED
"comment(""a="" + a)",Edge 18,,2019-07-10 18:05:00,2019-07-10 18:05:00,0.001s,PASSED
delay(2),Edge 18,,2019-07-10 18:05:00,2019-07-10 18:05:02,2.006s,PASSED
"click(findTestObject(""APOLLO- Desktop/Cart flyout/Increase quantity - cart flyout""))",Edge 18,,2019-07-10 18:05:02,2019-07-10 18:05:03,0.419s,PASSED
delay(2),Edge 18,,2019-07-10 18:05:03,2019-07-10 18:05:05,2.004s,PASSED
"click(findTestObject(""APOLLO- Desktop/Cart flyout/Increase quantity - cart flyout""))",Edge 18,,2019-07-10 18:05:05,2019-07-10 18:05:05,0.493s,PASSED
delay(2),Edge 18,,2019-07-10 18:05:05,2019-07-10 18:05:07,2.004s,PASSED
"click(findTestObject(""APOLLO- Desktop/random/Page_Apollo - Dark  Diff Apollo/CArt quanty update""))",Edge 18,,2019-07-10 18:05:07,2019-07-10 18:05:07,0.431s,PASSED
delay(2),Edge 18,,2019-07-10 18:05:07,2019-07-10 18:05:09,2.002s,PASSED
"click(findTestObject(""APOLLO- Desktop/random/Page_Apollo - Dark  Diff Apollo/td_Wool Sweater""))",Edge 18,,2019-07-10 18:05:09,2019-07-10 18:05:10,0.447s,PASSED
delay(2),Edge 18,,2019-07-10 18:05:10,2019-07-10 18:05:12,2.002s,PASSED
"b = getText(findTestObject(""APOLLO- Desktop/Cart flyout/Subtotal in cart flyout""))",Edge 18,,2019-07-10 18:05:12,2019-07-10 18:05:12,0.449s,PASSED
"comment(""b="" + b)",Edge 18,,2019-07-10 18:05:12,2019-07-10 18:05:12,0.001s,PASSED
"flag = verifyNotEqual(""a"", ""b"")",Edge 18,,2019-07-10 18:05:12,2019-07-10 18:05:12,0.001s,PASSED
if (flag == true),Edge 18,,2019-07-10 18:05:12,2019-07-10 18:05:12,0.001s,PASSED
delay(2),Edge 18,,2019-07-10 18:05:12,2019-07-10 18:05:14,2.010s,PASSED
"click(findTestObject(""APOLLO- Desktop/Cart flyout/Checkout""))",Edge 18,,2019-07-10 18:05:14,2019-07-10 18:05:15,0.438s,PASSED
delay(2),Edge 18,,2019-07-10 18:05:15,2019-07-10 18:05:17,2.003s,PASSED
"callTestCase(findTestCase(""CALL- CUSTOMER INFO PAGE""), [:], STOP_ON_FAILURE)",Edge 18,,2019-07-10 18:05:17,2019-07-10 18:06:25,1m - 8.230s,FAILED
,,,,,,
Test Cases/CRITICAL PATH/Adding diff prods to cart,Edge 18,,2019-07-10 18:06:25,2019-07-10 18:07:26,1m - 0.872s,FAILED
"callTestCase(findTestCase(""CALL - URL""), [:], STOP_ON_FAILURE)",Edge 18,,2019-07-10 18:06:25,2019-07-10 18:06:55,29.458s,PASSED
"click(findTestObject(""APOLLO- Desktop/Burger Menu/Burgermenu""))",Edge 18,,2019-07-10 18:06:55,2019-07-10 18:06:59,4.101s,PASSED
delay(2),Edge 18,,2019-07-10 18:06:59,2019-07-10 18:07:01,2.004s,PASSED
"click(findTestObject(""APOLLO- Desktop/Burger Menu/Mens chevron""))",Edge 18,,2019-07-10 18:07:01,2019-07-10 18:07:01,0.506s,PASSED
delay(2),Edge 18,,2019-07-10 18:07:01,2019-07-10 18:07:03,2.002s,PASSED
"click(findTestObject(""APOLLO- Desktop/Burger Menu/Mens - Top Chevron""))",Edge 18,,2019-07-10 18:07:03,2019-07-10 18:07:04,0.454s,PASSED
delay(2),Edge 18,,2019-07-10 18:07:04,2019-07-10 18:07:06,2.002s,PASSED
"click(findTestObject(""APOLLO- Desktop/Burger Menu/Shirts link""))",Edge 18,,2019-07-10 18:07:06,2019-07-10 18:07:06,0.715s,PASSED
"executeJavaScript(""var previewBar = document.getElementById(""preview-bar-iframe""); previewBar.style.display = ""none"";"", [])",Edge 18,,2019-07-10 18:07:06,2019-07-10 18:07:06,0.000s,NOT_RUN
delay(2),Edge 18,,2019-07-10 18:07:06,2019-07-10 18:07:08,2.002s,PASSED
"click(findTestObject(""APOLLO- Desktop/Collection page/Blue shirt product""))",Edge 18,,2019-07-10 18:07:08,2019-07-10 18:07:10,1.133s,PASSED
"executeJavaScript(""var previewBar = document.getElementById(""preview-bar-iframe""); previewBar.style.display = ""none"";"", [])",Edge 18,,2019-07-10 18:07:10,2019-07-10 18:07:10,0.000s,NOT_RUN
delay(2),Edge 18,,2019-07-10 18:07:10,2019-07-10 18:07:12,2.004s,PASSED
"selectOptionByValue(findTestObject(""APOLLO- Desktop/Product page/Size dropdown""), ""Medium"", true)",Edge 18,,2019-07-10 18:07:12,2019-07-10 18:07:17,5.854s,PASSED
delay(2),Edge 18,,2019-07-10 18:07:17,2019-07-10 18:07:19,2.006s,PASSED
"click(findTestObject(""APOLLO- Desktop/Product page/Add to bag""))",Edge 18,,2019-07-10 18:07:19,2019-07-10 18:07:20,0.448s,PASSED
delay(2),Edge 18,,2019-07-10 18:07:20,2019-07-10 18:07:22,2.005s,PASSED
"selectOptionByValue(findTestObject(""APOLLO- Desktop/Product page/Size dropdown""), ""Large"", true)",Edge 18,,2019-07-10 18:07:22,2019-07-10 18:07:26,3.999s,FAILED
,,,,,,
Test Cases/CRITICAL PATH/Price comparison - cart page,Edge 18,,2019-07-10 18:07:26,2019-07-10 18:08:44,1m - 18.240s,FAILED
"callTestCase(findTestCase(""CALL - URL""), [:], STOP_ON_FAILURE)",Edge 18,,2019-07-10 18:07:26,2019-07-10 18:07:50,23.871s,PASSED
"click(findTestObject(""APOLLO- Desktop/Burger Menu/Burgermenu""))",Edge 18,,2019-07-10 18:07:50,2019-07-10 18:07:55,5.001s,PASSED
delay(2),Edge 18,,2019-07-10 18:07:55,2019-07-10 18:07:57,2.003s,PASSED
"click(findTestObject(""APOLLO- Desktop/Burger Menu/Mens chevron""))",Edge 18,,2019-07-10 18:07:57,2019-07-10 18:07:58,0.857s,PASSED
delay(2),Edge 18,,2019-07-10 18:07:58,2019-07-10 18:08:00,2.005s,PASSED
"click(findTestObject(""APOLLO- Desktop/Burger Menu/Mens - Top Chevron""))",Edge 18,,2019-07-10 18:08:00,2019-07-10 18:08:00,0.485s,PASSED
delay(2),Edge 18,,2019-07-10 18:08:00,2019-07-10 18:08:02,2.001s,PASSED
"click(findTestObject(""APOLLO- Desktop/Burger Menu/Shirts link""))",Edge 18,,2019-07-10 18:08:02,2019-07-10 18:08:03,0.505s,PASSED
delay(2),Edge 18,,2019-07-10 18:08:03,2019-07-10 18:08:05,2.002s,PASSED
"click(findTestObject(""APOLLO- Desktop/Collection page/Blue shirt product""))",Edge 18,,2019-07-10 18:08:05,2019-07-10 18:08:06,1.526s,PASSED
delay(2),Edge 18,,2019-07-10 18:08:06,2019-07-10 18:08:08,2.001s,PASSED
"selectOptionByValue(findTestObject(""APOLLO- Desktop/Product page/Size dropdown""), ""Medium"", true)",Edge 18,,2019-07-10 18:08:08,2019-07-10 18:08:16,7.698s,PASSED
delay(2),Edge 18,,2019-07-10 18:08:16,2019-07-10 18:08:18,2.006s,PASSED
"click(findTestObject(""APOLLO- Desktop/Product page/Add to bag""))",Edge 18,,2019-07-10 18:08:18,2019-07-10 18:08:19,0.448s,PASSED
delay(2),Edge 18,,2019-07-10 18:08:19,2019-07-10 18:08:21,2.004s,PASSED
"click(findTestObject(""APOLLO- Desktop/Burger Menu/Burgermenu""))",Edge 18,,2019-07-10 18:08:21,2019-07-10 18:08:21,0.478s,PASSED
delay(2),Edge 18,,2019-07-10 18:08:21,2019-07-10 18:08:23,2.001s,PASSED
"click(findTestObject(""APOLLO- Desktop/Burger Menu/KIds link""))",Edge 18,,2019-07-10 18:08:23,2019-07-10 18:08:24,0.461s,PASSED
delay(2),Edge 18,,2019-07-10 18:08:24,2019-07-10 18:08:26,2.002s,PASSED
"click(findTestObject(""APOLLO- Desktop/Collection page/Sailor sweatshirt""))",Edge 18,,2019-07-10 18:08:26,2019-07-10 18:08:26,0.942s,PASSED
delay(2),Edge 18,,2019-07-10 18:08:26,2019-07-10 18:08:28,2.007s,PASSED
"click(findTestObject(""APOLLO- Desktop/Product page/Add to bag""))",Edge 18,,2019-07-10 18:08:28,2019-07-10 18:08:31,2.465s,PASSED
delay(2),Edge 18,,2019-07-10 18:08:31,2019-07-10 18:08:33,2.004s,PASSED
"click(findTestObject(""APOLLO- Desktop/Cart flyout/Checkout""))",Edge 18,,2019-07-10 18:08:33,2019-07-10 18:08:33,0.439s,PASSED
delay(2),Edge 18,,2019-07-10 18:08:33,2019-07-10 18:08:35,2.004s,PASSED
"click(findTestObject(""APOLLO- Desktop/Customer Information page/Cart page breadcrumb""))",Edge 18,,2019-07-10 18:08:35,2019-07-10 18:08:37,1.547s,PASSED
delay(2),Edge 18,,2019-07-10 18:08:37,2019-07-10 18:08:39,2.006s,PASSED
"executeJavaScript(""var previewBar = document.getElementById(""preview-bar-iframe""); previewBar.style.display = ""none"";"", [])",Edge 18,,2019-07-10 18:08:39,2019-07-10 18:08:39,0.001s,NOT_RUN
"a = getText(findTestObject(""APOLLO- Desktop/Cart page/Unit price - 1st product""))",Edge 18,,2019-07-10 18:08:39,2019-07-10 18:08:42,3.090s,PASSED
"comment(""a="" + a)",Edge 18,,2019-07-10 18:08:42,2019-07-10 18:08:42,0.001s,PASSED
a1 = a.substring(1),Edge 18,,2019-07-10 18:08:42,2019-07-10 18:08:42,0.001s,PASSED
"comment(""a1="" + a1)",Edge 18,,2019-07-10 18:08:42,2019-07-10 18:08:42,0.001s,PASSED
"b = getText(findTestObject(""APOLLO- Desktop/Cart page/Unit price - 2nd product""))",Edge 18,,2019-07-10 18:08:42,2019-07-10 18:08:43,0.511s,PASSED
"comment(""b="" + b)",Edge 18,,2019-07-10 18:08:43,2019-07-10 18:08:43,0.001s,PASSED
b1 = b.substring(1),Edge 18,,2019-07-10 18:08:43,2019-07-10 18:08:43,0.001s,PASSED
"comment(""b1="" + b1)",Edge 18,,2019-07-10 18:08:43,2019-07-10 18:08:43,0.001s,PASSED
p1 = <not implemented yet for class: org.codehaus.groovy.ast.expr.EmptyExpression>,Edge 18,,2019-07-10 18:08:43,2019-07-10 18:08:43,0.000s,PASSED
p2 = <not implemented yet for class: org.codehaus.groovy.ast.expr.EmptyExpression>,Edge 18,,2019-07-10 18:08:43,2019-07-10 18:08:43,0.000s,PASSED
try,Edge 18,,2019-07-10 18:08:43,2019-07-10 18:08:43,0.008s,PASSED
try,Edge 18,,2019-07-10 18:08:43,2019-07-10 18:08:43,0.002s,PASSED
total = p1 + p2,Edge 18,,2019-07-10 18:08:43,2019-07-10 18:08:43,0.000s,PASSED
"comment(""total="" + total)",Edge 18,,2019-07-10 18:08:43,2019-07-10 18:08:43,0.001s,PASSED
"c = getText(findTestObject(""APOLLO- Desktop/Cart page/Subtotal in cart page""))",Edge 18,,2019-07-10 18:08:43,2019-07-10 18:08:43,0.416s,PASSED
"comment(""c="" + c)",Edge 18,,2019-07-10 18:08:43,2019-07-10 18:08:43,0.000s,PASSED
c1 = c.substring(1),Edge 18,,2019-07-10 18:08:43,2019-07-10 18:08:43,0.000s,PASSED
"comment(""c1="" + c1)",Edge 18,,2019-07-10 18:08:43,2019-07-10 18:08:43,0.001s,PASSED
p3 = <not implemented yet for class: org.codehaus.groovy.ast.expr.EmptyExpression>,Edge 18,,2019-07-10 18:08:43,2019-07-10 18:08:43,0.000s,PASSED
try,Edge 18,,2019-07-10 18:08:43,2019-07-10 18:08:43,0.001s,PASSED
"verifyEqual(total, p3)",Edge 18,,2019-07-10 18:08:43,2019-07-10 18:08:43,0.006s,PASSED
"click(findTestObject(""APOLLO- Desktop/Cart flyout/Checkout""))",Edge 18,,2019-07-10 18:08:43,2019-07-10 18:08:44,1.199s,FAILED
,,,,,,
Test Cases/CRITICAL PATH/Decrease quantity - cart page,Edge 18,,2019-07-10 18:08:44,2019-07-10 18:10:25,1m - 40.405s,FAILED
"callTestCase(findTestCase(""CALL - URL""), [:], STOP_ON_FAILURE)",Edge 18,,2019-07-10 18:08:44,2019-07-10 18:09:13,28.440s,PASSED
delay(1),Edge 18,,2019-07-10 18:09:13,2019-07-10 18:09:14,1.004s,PASSED
"click(findTestObject(""APOLLO- Desktop/Burger Menu/Burgermenu""))",Edge 18,,2019-07-10 18:09:14,2019-07-10 18:09:15,1.760s,PASSED
delay(2),Edge 18,,2019-07-10 18:09:15,2019-07-10 18:09:18,2.003s,PASSED
"click(findTestObject(""APOLLO- Desktop/Burger Menu/Mens chevron""))",Edge 18,,2019-07-10 18:09:18,2019-07-10 18:09:19,1.681s,PASSED
delay(2),Edge 18,,2019-07-10 18:09:19,2019-07-10 18:09:21,2.005s,PASSED
"click(findTestObject(""APOLLO- Desktop/Burger Menu/Mens - Top Chevron""))",Edge 18,,2019-07-10 18:09:21,2019-07-10 18:09:22,1.007s,PASSED
delay(2),Edge 18,,2019-07-10 18:09:22,2019-07-10 18:09:24,2.011s,PASSED
"click(findTestObject(""APOLLO- Desktop/Burger Menu/Shirts link""))",Edge 18,,2019-07-10 18:09:24,2019-07-10 18:09:26,1.562s,PASSED
"executeJavaScript(""var previewBar = document.getElementById(""preview-bar-iframe""); previewBar.style.display = ""none"";"", [])",Edge 18,,2019-07-10 18:09:26,2019-07-10 18:09:26,0.000s,NOT_RUN
delay(2),Edge 18,,2019-07-10 18:09:26,2019-07-10 18:09:28,2.004s,PASSED
"click(findTestObject(""APOLLO- Desktop/Collection page/Blue shirt product""))",Edge 18,,2019-07-10 18:09:28,2019-07-10 18:09:29,0.859s,PASSED
delay(2),Edge 18,,2019-07-10 18:09:29,2019-07-10 18:09:31,2.005s,PASSED
"selectOptionByValue(findTestObject(""APOLLO- Desktop/Product page/Size dropdown""), ""Medium"", true)",Edge 18,,2019-07-10 18:09:31,2019-07-10 18:09:37,6.286s,PASSED
delay(2),Edge 18,,2019-07-10 18:09:37,2019-07-10 18:09:39,2.005s,PASSED
"click(findTestObject(""APOLLO- Desktop/Product page/Increase qunatity - prod page""))",Edge 18,,2019-07-10 18:09:39,2019-07-10 18:09:40,0.571s,PASSED
delay(2),Edge 18,,2019-07-10 18:09:40,2019-07-10 18:09:42,2.002s,PASSED
"click(findTestObject(""APOLLO- Desktop/Product page/Increase qunatity - prod page""))",Edge 18,,2019-07-10 18:09:42,2019-07-10 18:09:42,0.451s,PASSED
delay(2),Edge 18,,2019-07-10 18:09:42,2019-07-10 18:09:44,2.002s,PASSED
"click(findTestObject(""APOLLO- Desktop/Product page/Increase qunatity - prod page""))",Edge 18,,2019-07-10 18:09:44,2019-07-10 18:09:44,0.396s,PASSED
delay(2),Edge 18,,2019-07-10 18:09:44,2019-07-10 18:09:46,2.002s,PASSED
"click(findTestObject(""APOLLO- Desktop/Product page/Increase qunatity - prod page""))",Edge 18,,2019-07-10 18:09:46,2019-07-10 18:09:47,0.477s,PASSED
delay(2),Edge 18,,2019-07-10 18:09:47,2019-07-10 18:09:49,2.001s,PASSED
"click(findTestObject(""APOLLO- Desktop/Product page/Increase qunatity - prod page""))",Edge 18,,2019-07-10 18:09:49,2019-07-10 18:09:49,0.385s,PASSED
delay(2),Edge 18,,2019-07-10 18:09:49,2019-07-10 18:09:51,2.003s,PASSED
"click(findTestObject(""APOLLO- Desktop/Product page/Add to bag""))",Edge 18,,2019-07-10 18:09:51,2019-07-10 18:09:52,0.472s,PASSED
delay(2),Edge 18,,2019-07-10 18:09:52,2019-07-10 18:09:54,2.014s,PASSED
delay(2),Edge 18,,2019-07-10 18:09:54,2019-07-10 18:09:56,2.002s,PASSED
"click(findTestObject(""APOLLO- Desktop/Cart flyout/Checkout""))",Edge 18,,2019-07-10 18:09:56,2019-07-10 18:09:56,0.506s,PASSED
delay(2),Edge 18,,2019-07-10 18:09:56,2019-07-10 18:09:58,2.006s,PASSED
"click(findTestObject(""APOLLO- Desktop/Customer Information page/Cart page breadcrumb""))",Edge 18,,2019-07-10 18:09:58,2019-07-10 18:10:01,3.218s,PASSED
"executeJavaScript(""var previewBar = document.getElementById(""preview-bar-iframe""); previewBar.style.display = ""none"";"", [])",Edge 18,,2019-07-10 18:10:01,2019-07-10 18:10:01,0.001s,NOT_RUN
delay(2),Edge 18,,2019-07-10 18:10:01,2019-07-10 18:10:03,2.005s,PASSED
"a = getText(findTestObject(""APOLLO- Desktop/Cart page/Subtotal in cart page""))",Edge 18,,2019-07-10 18:10:03,2019-07-10 18:10:06,2.224s,PASSED
"comment(""a="" + a)",Edge 18,,2019-07-10 18:10:06,2019-07-10 18:10:06,0.000s,PASSED
delay(2),Edge 18,,2019-07-10 18:10:06,2019-07-10 18:10:08,2.011s,PASSED
"click(findTestObject(""APOLLO- Desktop/Cart page/Decrease quantity - cart page""))",Edge 18,,2019-07-10 18:10:08,2019-07-10 18:10:08,0.472s,PASSED
delay(2),Edge 18,,2019-07-10 18:10:08,2019-07-10 18:10:10,2.006s,PASSED
"click(findTestObject(""APOLLO- Desktop/Cart page/Decrease quantity - cart page""))",Edge 18,,2019-07-10 18:10:10,2019-07-10 18:10:11,0.422s,PASSED
delay(2),Edge 18,,2019-07-10 18:10:11,2019-07-10 18:10:13,2.003s,PASSED
"click(findTestObject(""APOLLO- Desktop/Cart page/Decrease quantity - cart page""))",Edge 18,,2019-07-10 18:10:13,2019-07-10 18:10:13,0.458s,PASSED
delay(2),Edge 18,,2019-07-10 18:10:13,2019-07-10 18:10:15,2.004s,PASSED
"setText(findTestObject(""APOLLO- Desktop/Cart flyout/CArt quanty update""), ""1"")",Edge 18,,2019-07-10 18:10:15,2019-07-10 18:10:16,1.272s,PASSED
delay(2),Edge 18,,2019-07-10 18:10:16,2019-07-10 18:10:18,2.003s,PASSED
"click(findTestObject(""APOLLO- Desktop/Cart page/Click outside the page""))",Edge 18,,2019-07-10 18:10:18,2019-07-10 18:10:19,0.425s,PASSED
delay(2),Edge 18,,2019-07-10 18:10:19,2019-07-10 18:10:21,2.005s,PASSED
"b = getText(findTestObject(""APOLLO- Desktop/Cart page/Subtotal in cart page""))",Edge 18,,2019-07-10 18:10:21,2019-07-10 18:10:21,0.462s,PASSED
"comment(""b="" + b)",Edge 18,,2019-07-10 18:10:21,2019-07-10 18:10:21,0.000s,PASSED
"verifyNotEqual(""a"", ""b"")",Edge 18,,2019-07-10 18:10:21,2019-07-10 18:10:21,0.000s,PASSED
delay(2),Edge 18,,2019-07-10 18:10:21,2019-07-10 18:10:23,2.003s,PASSED
"click(findTestObject(""APOLLO- Desktop/Cart flyout/Checkout""))",Edge 18,,2019-07-10 18:10:23,2019-07-10 18:10:25,1.349s,FAILED
,,,,,,
Test Cases/CRITICAL PATH/Adding product - Search flyout,Edge 18,,2019-07-10 18:10:25,2019-07-10 18:12:28,2m - 3.238s,FAILED
"callTestCase(findTestCase(""CALL - URL""), [:], STOP_ON_FAILURE)",Edge 18,,2019-07-10 18:10:25,2019-07-10 18:10:55,30.185s,PASSED
delay(2),Edge 18,,2019-07-10 18:10:55,2019-07-10 18:10:57,2.005s,PASSED
"click(findTestObject(""APOLLO- Desktop/Home page/Search input""))",Edge 18,,2019-07-10 18:10:57,2019-07-10 18:10:58,0.692s,PASSED
delay(1),Edge 18,,2019-07-10 18:10:58,2019-07-10 18:10:59,1.005s,PASSED
"setText(findTestObject(""APOLLO- Desktop/Home page/Search input box to enter""), ""jacket"")",Edge 18,,2019-07-10 18:10:59,2019-07-10 18:11:00,1.701s,PASSED
delay(1),Edge 18,,2019-07-10 18:11:00,2019-07-10 18:11:01,1.011s,PASSED
"click(findTestObject(""APOLLO- Desktop/Home page/2nd product - search flyout""))",Edge 18,,2019-07-10 18:11:01,2019-07-10 18:11:02,0.579s,PASSED
delay(1),Edge 18,,2019-07-10 18:11:02,2019-07-10 18:11:03,1.005s,PASSED
"selectOptionByValue(findTestObject(""APOLLO- Desktop/Product page/Color dropdown""), ""White"", true)",Edge 18,,2019-07-10 18:11:03,2019-07-10 18:11:10,7.041s,PASSED
delay(1),Edge 18,,2019-07-10 18:11:10,2019-07-10 18:11:11,1.010s,PASSED
"a = verifyElementClickable(findTestObject(""APOLLO- Desktop/Product page/Add to bag""), CONTINUE_ON_FAILURE)",Edge 18,,2019-07-10 18:11:11,2019-07-10 18:11:13,1.498s,FAILED
"comment(""a="" + a)",Edge 18,,2019-07-10 18:11:13,2019-07-10 18:11:13,0.001s,PASSED
if (a == true),Edge 18,,2019-07-10 18:11:13,2019-07-10 18:11:13,0.000s,PASSED
else,Edge 18,,2019-07-10 18:11:13,2019-07-10 18:11:13,0.001s,PASSED
"selectOptionByValue(findTestObject(""APOLLO- Desktop/Product page/Color dropdown""), ""Black"", true)",Edge 18,,2019-07-10 18:11:13,2019-07-10 18:11:15,2.117s,PASSED
"click(findTestObject(""APOLLO- Desktop/Product page/Add to bag""))",Edge 18,,2019-07-10 18:11:15,2019-07-10 18:11:15,0.491s,PASSED
delay(2),Edge 18,,2019-07-10 18:11:15,2019-07-10 18:11:17,2.004s,PASSED
"executeJavaScript(""var previewBar = document.getElementById(""preview-bar-iframe""); previewBar.style.display = ""none"";"", [])",Edge 18,,2019-07-10 18:11:17,2019-07-10 18:11:17,0.001s,NOT_RUN
"click(findTestObject(""APOLLO- Desktop/Cart flyout/Checkout""))",Edge 18,,2019-07-10 18:11:17,2019-07-10 18:11:18,0.483s,PASSED
delay(1),Edge 18,,2019-07-10 18:11:18,2019-07-10 18:11:19,1.006s,PASSED
"callTestCase(findTestCase(""CALL- CUSTOMER INFO PAGE""), [:], STOP_ON_FAILURE)",Edge 18,,2019-07-10 18:11:19,2019-07-10 18:12:28,1m - 9.201s,FAILED
,,,,,,
Test Cases/CRITICAL PATH/Adding product - home page,Edge 18,,2019-07-10 18:12:28,2019-07-10 18:14:49,2m - 21.523s,FAILED
"callTestCase(findTestCase(""CALL - URL""), [:], STOP_ON_FAILURE)",Edge 18,,2019-07-10 18:12:28,2019-07-10 18:13:01,32.610s,PASSED
"scrollToElement(findTestObject(""APOLLO- Desktop/Home page/OUTER WEAR - TILES - Copy""), 0)",Edge 18,,2019-07-10 18:13:01,2019-07-10 18:13:02,1.200s,PASSED
delay(1),Edge 18,,2019-07-10 18:13:02,2019-07-10 18:13:03,1.005s,PASSED
"mouseOver(findTestObject(""APOLLO- Desktop/Home page/OUTER WEAR - TILES""))",Edge 18,,2019-07-10 18:13:03,2019-07-10 18:13:05,1.888s,PASSED
delay(1),Edge 18,,2019-07-10 18:13:05,2019-07-10 18:13:06,1.005s,PASSED
"click(findTestObject(""APOLLO- Desktop/Home page/Shop mens outer wear -button""))",Edge 18,,2019-07-10 18:13:06,2019-07-10 18:13:06,0.782s,PASSED
delay(1),Edge 18,,2019-07-10 18:13:06,2019-07-10 18:13:07,1.004s,PASSED
"click(findTestObject(""APOLLO- Desktop/Collection page/Lenin jacket""))",Edge 18,,2019-07-10 18:13:07,2019-07-10 18:13:09,2.022s,PASSED
delay(2),Edge 18,,2019-07-10 18:13:09,2019-07-10 18:13:11,2.001s,PASSED
"selectOptionByValue(findTestObject(""APOLLO- Desktop/Product page/Color dropdown""), ""Blue"", true)",Edge 18,,2019-07-10 18:13:11,2019-07-10 18:13:20,8.504s,PASSED
delay(1),Edge 18,,2019-07-10 18:13:20,2019-07-10 18:13:21,1.005s,PASSED
"selectOptionByValue(findTestObject(""APOLLO- Desktop/Product page/Size dropdown""), ""MD"", true)",Edge 18,,2019-07-10 18:13:21,2019-07-10 18:13:24,2.962s,PASSED
delay(1),Edge 18,,2019-07-10 18:13:24,2019-07-10 18:13:25,1.007s,PASSED
"click(findTestObject(""APOLLO- Desktop/Product page/Increase qunatity - prod page""))",Edge 18,,2019-07-10 18:13:25,2019-07-10 18:13:26,0.705s,PASSED
delay(1),Edge 18,,2019-07-10 18:13:26,2019-07-10 18:13:27,1.002s,PASSED
"click(findTestObject(""APOLLO- Desktop/Product page/Increase qunatity - prod page""))",Edge 18,,2019-07-10 18:13:27,2019-07-10 18:13:27,0.382s,PASSED
delay(1),Edge 18,,2019-07-10 18:13:27,2019-07-10 18:13:28,1.001s,PASSED
"click(findTestObject(""APOLLO- Desktop/Product page/Add to bag""))",Edge 18,,2019-07-10 18:13:28,2019-07-10 18:13:29,0.645s,PASSED
delay(2),Edge 18,,2019-07-10 18:13:29,2019-07-10 18:13:31,2.001s,PASSED
"executeJavaScript(""var previewBar = document.getElementById(""preview-bar-iframe""); previewBar.style.display = ""none"";"", [])",Edge 18,,2019-07-10 18:13:31,2019-07-10 18:13:31,0.001s,NOT_RUN
"click(findTestObject(""APOLLO- Desktop/Cart flyout/Checkout""))",Edge 18,,2019-07-10 18:13:31,2019-07-10 18:13:31,0.445s,PASSED
delay(1),Edge 18,,2019-07-10 18:13:31,2019-07-10 18:13:32,1.003s,PASSED
"callTestCase(findTestCase(""CALL- CUSTOMER INFO PAGE""), [:], STOP_ON_FAILURE)",Edge 18,,2019-07-10 18:13:32,2019-07-10 18:14:49,1m - 17.193s,FAILED
,,,,,,
Test Cases/CRITICAL PATH/Login and logout,Edge 18,,2019-07-10 18:14:49,2019-07-10 18:15:36,46.485s,PASSED
"callTestCase(findTestCase(""CALL - URL""), [:], STOP_ON_FAILURE)",Edge 18,,2019-07-10 18:14:49,2019-07-10 18:15:18,28.151s,PASSED
delay(1),Edge 18,,2019-07-10 18:15:18,2019-07-10 18:15:19,1.005s,PASSED
"click(findTestObject(""APOLLO- Desktop/Home page/Account icon""))",Edge 18,,2019-07-10 18:15:19,2019-07-10 18:15:20,1.334s,PASSED
delay(1),Edge 18,,2019-07-10 18:15:20,2019-07-10 18:15:21,1.001s,PASSED
"setText(findTestObject(""APOLLO- Desktop/Home page/Email address""), ""suman.kompelly@diffagency.com"")",Edge 18,,2019-07-10 18:15:21,2019-07-10 18:15:23,2.289s,PASSED
delay(1),Edge 18,,2019-07-10 18:15:23,2019-07-10 18:15:24,1.015s,PASSED
"setEncryptedText(findTestObject(""APOLLO- Desktop/Home page/Password""), ""YVtWHtdGuqHfOZKsa+65Fg=="")",Edge 18,,2019-07-10 18:15:24,2019-07-10 18:15:25,1.138s,PASSED
delay(1),Edge 18,,2019-07-10 18:15:25,2019-07-10 18:15:26,1.003s,PASSED
"click(findTestObject(""APOLLO- Desktop/Home page/Sign in button""))",Edge 18,,2019-07-10 18:15:26,2019-07-10 18:15:27,0.579s,PASSED
delay(1),Edge 18,,2019-07-10 18:15:27,2019-07-10 18:15:28,1.008s,PASSED
"click(findTestObject(""APOLLO- Desktop/Home page/address page""))",Edge 18,,2019-07-10 18:15:28,2019-07-10 18:15:29,1.196s,PASSED
delay(1),Edge 18,,2019-07-10 18:15:29,2019-07-10 18:15:30,1.004s,PASSED
"click(findTestObject(""APOLLO- Desktop/Home page/orders page""))",Edge 18,,2019-07-10 18:15:30,2019-07-10 18:15:31,0.927s,PASSED
delay(1),Edge 18,,2019-07-10 18:15:31,2019-07-10 18:15:32,1.004s,PASSED
"click(findTestObject(""APOLLO- Desktop/Home page/Details page""))",Edge 18,,2019-07-10 18:15:32,2019-07-10 18:15:33,1.365s,PASSED
delay(1),Edge 18,,2019-07-10 18:15:33,2019-07-10 18:15:34,1.003s,PASSED
"click(findTestObject(""APOLLO- Desktop/Home page/Logout""))",Edge 18,,2019-07-10 18:15:34,2019-07-10 18:15:36,1.365s,PASSED
,,,,,,
Test Cases/CRITICAL PATH/Decrease quantity - Cart flyout,Edge 18,,2019-07-10 18:15:36,2019-07-10 18:18:17,2m - 40.868s,FAILED
"callTestCase(findTestCase(""CALL - URL""), [:], STOP_ON_FAILURE)",Edge 18,,2019-07-10 18:15:36,2019-07-10 18:16:08,32.064s,PASSED
delay(1),Edge 18,,2019-07-10 18:16:08,2019-07-10 18:16:09,1.007s,PASSED
"click(findTestObject(""APOLLO- Desktop/Burger Menu/Burgermenu""))",Edge 18,,2019-07-10 18:16:09,2019-07-10 18:16:11,1.578s,PASSED
delay(2),Edge 18,,2019-07-10 18:16:11,2019-07-10 18:16:13,2.004s,PASSED
"click(findTestObject(""APOLLO- Desktop/Burger Menu/Mens chevron""))",Edge 18,,2019-07-10 18:16:13,2019-07-10 18:16:13,0.734s,PASSED
delay(2),Edge 18,,2019-07-10 18:16:13,2019-07-10 18:16:15,2.001s,PASSED
"click(findTestObject(""APOLLO- Desktop/Burger Menu/Mens - Top Chevron""))",Edge 18,,2019-07-10 18:16:15,2019-07-10 18:16:16,0.446s,PASSED
delay(2),Edge 18,,2019-07-10 18:16:16,2019-07-10 18:16:18,2.004s,PASSED
"click(findTestObject(""APOLLO- Desktop/Burger Menu/Shirts link""))",Edge 18,,2019-07-10 18:16:18,2019-07-10 18:16:19,0.872s,PASSED
"executeJavaScript(""var previewBar = document.getElementById(""preview-bar-iframe""); previewBar.style.display = ""none"";"", [])",Edge 18,,2019-07-10 18:16:19,2019-07-10 18:16:19,0.002s,NOT_RUN
delay(2),Edge 18,,2019-07-10 18:16:19,2019-07-10 18:16:21,2.003s,PASSED
"click(findTestObject(""APOLLO- Desktop/Collection page/Blue shirt product""))",Edge 18,,2019-07-10 18:16:21,2019-07-10 18:16:21,0.699s,PASSED
delay(2),Edge 18,,2019-07-10 18:16:21,2019-07-10 18:16:23,2.004s,PASSED
"selectOptionByValue(findTestObject(""APOLLO- Desktop/Product page/Size dropdown""), ""Medium"", true)",Edge 18,,2019-07-10 18:16:23,2019-07-10 18:16:28,4.534s,PASSED
delay(2),Edge 18,,2019-07-10 18:16:28,2019-07-10 18:16:30,2.004s,PASSED
"click(findTestObject(""APOLLO- Desktop/Product page/Increase qunatity - prod page""))",Edge 18,,2019-07-10 18:16:30,2019-07-10 18:16:31,0.540s,PASSED
delay(2),Edge 18,,2019-07-10 18:16:31,2019-07-10 18:16:33,2.004s,PASSED
"click(findTestObject(""APOLLO- Desktop/Product page/Increase qunatity - prod page""))",Edge 18,,2019-07-10 18:16:33,2019-07-10 18:16:33,0.427s,PASSED
delay(2),Edge 18,,2019-07-10 18:16:33,2019-07-10 18:16:35,2.006s,PASSED
"click(findTestObject(""APOLLO- Desktop/Product page/Increase qunatity - prod page""))",Edge 18,,2019-07-10 18:16:35,2019-07-10 18:16:35,0.452s,PASSED
delay(2),Edge 18,,2019-07-10 18:16:35,2019-07-10 18:16:37,2.005s,PASSED
"click(findTestObject(""APOLLO- Desktop/Product page/Increase qunatity - prod page""))",Edge 18,,2019-07-10 18:16:37,2019-07-10 18:16:38,0.389s,PASSED
delay(2),Edge 18,,2019-07-10 18:16:38,2019-07-10 18:16:40,2.005s,PASSED
"click(findTestObject(""APOLLO- Desktop/Product page/Increase qunatity - prod page""))",Edge 18,,2019-07-10 18:16:40,2019-07-10 18:16:40,0.417s,PASSED
delay(2),Edge 18,,2019-07-10 18:16:40,2019-07-10 18:16:42,2.006s,PASSED
"click(findTestObject(""APOLLO- Desktop/Product page/Add to bag""))",Edge 18,,2019-07-10 18:16:42,2019-07-10 18:16:43,0.474s,PASSED
delay(2),Edge 18,,2019-07-10 18:16:43,2019-07-10 18:16:45,2.010s,PASSED
"a = getText(findTestObject(""APOLLO- Desktop/Cart flyout/Subtotal in cart flyout""))",Edge 18,,2019-07-10 18:16:45,2019-07-10 18:16:45,0.397s,PASSED
"comment(""a="" + a)",Edge 18,,2019-07-10 18:16:45,2019-07-10 18:16:45,0.000s,PASSED
delay(2),Edge 18,,2019-07-10 18:16:45,2019-07-10 18:16:47,2.006s,PASSED
"click(findTestObject(""APOLLO- Desktop/Cart flyout/Decrease quantity - cart flyout""))",Edge 18,,2019-07-10 18:16:47,2019-07-10 18:16:48,0.438s,PASSED
delay(2),Edge 18,,2019-07-10 18:16:48,2019-07-10 18:16:50,2.001s,PASSED
"click(findTestObject(""APOLLO- Desktop/Cart flyout/Decrease quantity - cart flyout""))",Edge 18,,2019-07-10 18:16:50,2019-07-10 18:16:50,0.521s,PASSED
delay(2),Edge 18,,2019-07-10 18:16:50,2019-07-10 18:16:52,2.002s,PASSED
"click(findTestObject(""APOLLO- Desktop/Cart flyout/Decrease quantity - cart flyout""))",Edge 18,,2019-07-10 18:16:52,2019-07-10 18:16:53,0.474s,PASSED
delay(2),Edge 18,,2019-07-10 18:16:53,2019-07-10 18:16:55,2.005s,PASSED
"b = getText(findTestObject(""APOLLO- Desktop/Cart flyout/Subtotal in cart flyout""))",Edge 18,,2019-07-10 18:16:55,2019-07-10 18:16:55,0.438s,PASSED
"comment(""b="" + b)",Edge 18,,2019-07-10 18:16:55,2019-07-10 18:16:55,0.001s,PASSED
"verifyNotEqual(""a"", ""b"")",Edge 18,,2019-07-10 18:16:55,2019-07-10 18:16:55,0.001s,PASSED
delay(2),Edge 18,,2019-07-10 18:16:55,2019-07-10 18:16:57,2.004s,PASSED
"click(findTestObject(""APOLLO- Desktop/Cart flyout/Checkout""))",Edge 18,,2019-07-10 18:16:57,2019-07-10 18:16:57,0.465s,PASSED
delay(2),Edge 18,,2019-07-10 18:16:57,2019-07-10 18:16:59,2.011s,PASSED
"callTestCase(findTestCase(""CALL- CUSTOMER INFO PAGE""), [:], STOP_ON_FAILURE)",Edge 18,,2019-07-10 18:16:59,2019-07-10 18:18:17,1m - 17.231s,FAILED
,,,,,,
Test Cases/CRITICAL PATH/Price comparison - Cart flyout,Edge 18,,2019-07-10 18:18:17,2019-07-10 18:20:47,2m - 30.561s,FAILED
"callTestCase(findTestCase(""CALL - URL""), [:], STOP_ON_FAILURE)",Edge 18,,2019-07-10 18:18:17,2019-07-10 18:18:50,33.496s,PASSED
"click(findTestObject(""APOLLO- Desktop/Burger Menu/Burgermenu""))",Edge 18,,2019-07-10 18:18:50,2019-07-10 18:18:52,2.032s,PASSED
delay(2),Edge 18,,2019-07-10 18:18:52,2019-07-10 18:18:54,2.006s,PASSED
"click(findTestObject(""APOLLO- Desktop/Burger Menu/Mens chevron""))",Edge 18,,2019-07-10 18:18:54,2019-07-10 18:18:55,0.773s,PASSED
delay(2),Edge 18,,2019-07-10 18:18:55,2019-07-10 18:18:57,2.003s,PASSED
"click(findTestObject(""APOLLO- Desktop/Burger Menu/Mens - Top Chevron""))",Edge 18,,2019-07-10 18:18:57,2019-07-10 18:18:58,0.476s,PASSED
delay(2),Edge 18,,2019-07-10 18:18:58,2019-07-10 18:19:00,2.006s,PASSED
"click(findTestObject(""APOLLO- Desktop/Burger Menu/Shirts link""))",Edge 18,,2019-07-10 18:19:00,2019-07-10 18:19:01,0.929s,PASSED
delay(2),Edge 18,,2019-07-10 18:19:01,2019-07-10 18:19:03,2.002s,PASSED
"click(findTestObject(""APOLLO- Desktop/Collection page/Blue shirt product""))",Edge 18,,2019-07-10 18:19:03,2019-07-10 18:19:04,1.436s,PASSED
delay(2),Edge 18,,2019-07-10 18:19:04,2019-07-10 18:19:06,2.005s,PASSED
"selectOptionByValue(findTestObject(""APOLLO- Desktop/Product page/Size dropdown""), ""Medium"", true)",Edge 18,,2019-07-10 18:19:06,2019-07-10 18:19:12,5.736s,PASSED
delay(2),Edge 18,,2019-07-10 18:19:12,2019-07-10 18:19:14,2.004s,PASSED
"click(findTestObject(""APOLLO- Desktop/Product page/Add to bag""))",Edge 18,,2019-07-10 18:19:14,2019-07-10 18:19:14,0.410s,PASSED
delay(2),Edge 18,,2019-07-10 18:19:14,2019-07-10 18:19:16,2.006s,PASSED
"click(findTestObject(""APOLLO- Desktop/Burger Menu/Burgermenu""))",Edge 18,,2019-07-10 18:19:16,2019-07-10 18:19:17,0.555s,PASSED
delay(2),Edge 18,,2019-07-10 18:19:17,2019-07-10 18:19:19,2.007s,PASSED
"click(findTestObject(""APOLLO- Desktop/Burger Menu/KIds link""))",Edge 18,,2019-07-10 18:19:19,2019-07-10 18:19:19,0.440s,PASSED
delay(2),Edge 18,,2019-07-10 18:19:19,2019-07-10 18:19:21,2.006s,PASSED
"click(findTestObject(""APOLLO- Desktop/Collection page/Sailor sweatshirt""))",Edge 18,,2019-07-10 18:19:21,2019-07-10 18:19:22,1.114s,PASSED
delay(2),Edge 18,,2019-07-10 18:19:22,2019-07-10 18:19:24,2.003s,PASSED
"click(findTestObject(""APOLLO- Desktop/Product page/Add to bag""))",Edge 18,,2019-07-10 18:19:24,2019-07-10 18:19:27,2.707s,PASSED
delay(2),Edge 18,,2019-07-10 18:19:27,2019-07-10 18:19:29,2.003s,PASSED
"executeJavaScript(""var previewBar = document.getElementById(""preview-bar-iframe""); previewBar.style.display = ""none"";"", [])",Edge 18,,2019-07-10 18:19:29,2019-07-10 18:19:29,0.000s,NOT_RUN
"a = getText(findTestObject(""APOLLO- Desktop/Cart flyout/Unit price - first product""))",Edge 18,,2019-07-10 18:19:29,2019-07-10 18:19:29,0.468s,PASSED
"comment(""a="" + a)",Edge 18,,2019-07-10 18:19:29,2019-07-10 18:19:29,0.000s,PASSED
a1 = a.substring(1),Edge 18,,2019-07-10 18:19:29,2019-07-10 18:19:29,0.001s,PASSED
"comment(""a1="" + a1)",Edge 18,,2019-07-10 18:19:29,2019-07-10 18:19:29,0.000s,PASSED
"b = getText(findTestObject(""APOLLO- Desktop/Cart flyout/Unit price - second product""))",Edge 18,,2019-07-10 18:19:29,2019-07-10 18:19:30,0.526s,PASSED
"comment(""b="" + b)",Edge 18,,2019-07-10 18:19:30,2019-07-10 18:19:30,0.001s,PASSED
b1 = b.substring(1),Edge 18,,2019-07-10 18:19:30,2019-07-10 18:19:30,0.000s,PASSED
"comment(""b1="" + b1)",Edge 18,,2019-07-10 18:19:30,2019-07-10 18:19:30,0.001s,PASSED
p1 = <not implemented yet for class: org.codehaus.groovy.ast.expr.EmptyExpression>,Edge 18,,2019-07-10 18:19:30,2019-07-10 18:19:30,0.000s,PASSED
p2 = <not implemented yet for class: org.codehaus.groovy.ast.expr.EmptyExpression>,Edge 18,,2019-07-10 18:19:30,2019-07-10 18:19:30,0.001s,PASSED
try,Edge 18,,2019-07-10 18:19:30,2019-07-10 18:19:30,0.003s,PASSED
try,Edge 18,,2019-07-10 18:19:30,2019-07-10 18:19:30,0.001s,PASSED
total = p1 + p2,Edge 18,,2019-07-10 18:19:30,2019-07-10 18:19:30,0.001s,PASSED
"comment(""total="" + total)",Edge 18,,2019-07-10 18:19:30,2019-07-10 18:19:30,0.000s,PASSED
"c = getText(findTestObject(""APOLLO- Desktop/Cart flyout/Subtotal in cart flyout""))",Edge 18,,2019-07-10 18:19:30,2019-07-10 18:19:31,0.581s,PASSED
"comment(""c="" + c)",Edge 18,,2019-07-10 18:19:31,2019-07-10 18:19:31,0.000s,PASSED
c1 = c.substring(1),Edge 18,,2019-07-10 18:19:31,2019-07-10 18:19:31,0.001s,PASSED
"comment(""c1="" + c1)",Edge 18,,2019-07-10 18:19:31,2019-07-10 18:19:31,0.000s,PASSED
p3 = <not implemented yet for class: org.codehaus.groovy.ast.expr.EmptyExpression>,Edge 18,,2019-07-10 18:19:31,2019-07-10 18:19:31,0.000s,PASSED
try,Edge 18,,2019-07-10 18:19:31,2019-07-10 18:19:31,0.002s,PASSED
"verifyEqual(total, p3)",Edge 18,,2019-07-10 18:19:31,2019-07-10 18:19:31,0.000s,PASSED
"click(findTestObject(""APOLLO- Desktop/Cart flyout/Checkout""))",Edge 18,,2019-07-10 18:19:31,2019-07-10 18:19:31,0.536s,PASSED
"callTestCase(findTestCase(""CALL- CUSTOMER INFO PAGE""), [:], STOP_ON_FAILURE)",Edge 18,,2019-07-10 18:19:31,2019-07-10 18:20:47,1m - 16.191s,FAILED
